﻿안녕하세요.이번 글에서는 제가 mmorpg하나를 소개해드리려고 합니다.옛날에 많이 하던 무협 느낌을 상당히 느낄 수 있는 게임인데요.우연찮은 기회로 묵혼온라인을 플레이하게 되었습니다.게임을 제일 시작하면 주막 씬으로 들어가는데요.참 레트로한 게임 그래픽이 돋보이는거 같아요.제가 캐릭터 생성을 아직 안 해서 아무도 없는데 캐릭터 생성을 하게 되면 캐릭이 이 씬에 등장한답니다.제일 처음 시작하면 캐릭터를 만들어야 되는데 무기를 선택할 수 있어요.저 같은 경우는 조금 사거리가 긴 창을 선택했는데요.무기가 제일 멋지더라구요.처음 시작하면 광장에서 시작하는데요.다른 사람들 캐릭터는 으리으리하더라구요.저는 아직 생초보라서 많이 초라하더라구요.게임에 도움이 되는 아이템 상점도 있으며 현재 내 캐릭터의 스텟,장비,아이템 등 모두 확인이 가능하며 요즘은 없으면 안되는 기능인 자동 사냥 기능까지 있는데요.마우스 스크롤로 화면 확대 축소 기능 또한 있어서 본인 취향에 맞게 하시면 될거 같아요.게임을 이것저것 해보니 그래픽이 크게 뛰어난건 아니지만 레트로한 맛이 있으며 무혐풍을 제대로 느낄 수 있었습니다.특히 브금이 정말 좋더군요.현재 또 성장 지원 이벤트 등 여러 이벤트도 진행을 하고 있어서 꼭 한번 해보시는것을 권해드립니다.
용량도 작아서 금방 다운받고 가볍게 플레이하실 수 있답니다.그럼 전 이만 여기서 목혼 온라인 글을 마치겠습니다.감사합니다.肝者將軍之官, 謀慮出焉也: 간자장군지관, 모려출언야
간은 인체에 있어서 장군과도 같다. 
계략과 지략이 여기서 나온다. 
肝者血主故名血海: 간자혈주고명혈해
간이 혈을 주관하므로 혈해(혈액의 바다)라고도 한다.
血海實則 自想身大强, 無怯, 勇猛: 혈해실즉 자상신대강, 무겁, 용맹
간이 건실하면 자신만만하며 겁이 없고 용맹하다.
(cf. 간이 허약하면 겁이 많고 자신감이 없고 열등의식이 많아진다.)
 血液臥則血歸肝, 晝運行血: 혈액와즉혈귀간, 주운행혈
야간에 누우면 혈액이 간으로 되돌아오며 
낮에 활동시에는 혈액이 온 몸으로 순환한다.
肝虛則 營, 血, 不生, 不足: 간허즉 영, 혈, 불생, 부족
간이 허하면 혈액과 영기(혈액안에 흐르는 원기) 생성이 안되고 부족해진다.
肝病則 血不足, 不藏: 간병즉 혈부족, 부장
간에 병이 있으면 혈액이 부족해지고 저장할 수 없게된다. 
(가령 간염, 간경화시 간에 혈액이 충분히 충진되지않는다.)
肝藏血, 血藏魂: 간장혈, 혈장혼
간은 혈액을 저장하고 혈액(간) 속에 혼이 들어 있다.
(혈액을 급속히 잃게되면 혼이 나가 정신을 잃게된다.)
肝虛血不足者魂不安: 간허혈부족자혼불안
간이 허하여 혈이 부족하면 불안하고 안정을 못한다.(숙면을 취하기 어렵다.)
眼受血能視, 足受血能步, 掌受血能握 指受血能攝: 안수혈능시, 족수혈능보, 장수혈능악 지수혈능섭
눈에 혈액이 잘 공급되어야 잘 볼수 있고 
다리에 혈액이 잘 공급되어야 잘 걸을수 있고 
손에 혈액이 잘 공급되어야 주먹을 쥘 수 있고 
손가락에 혈액순환이 잘되야 잘 잡을 수 있다.肝經脈主連目, 陰系: 간경맥주연목, 음계
간경맥은 눈으로 연결되고, 생식기(신장과도 연결)와도 연결된다.肝主筋故肝虛則 筋, 腱衰關節不利, 腰連脚弱: 간주근고간허즉 근, 건쇠관절불리, 요연각약
간이 근을 주관하는 고로 간이 허약하면 근건이 약해지고 
관절도 불편해지며 허리가 무너지듯, 다리 힘도 약해진다.(근육 질환=간 질환)
筋痿症生於肝勞過, 房勞過因也: 근위증생어간로과, 방로과인야
근이 늘어지는 증상은 간의 과로로 인한 것이고 방노과다 (성관계, 자위행위 과다)가 원인이 되기도 한다.
轉筋症亦肝主也: 전근증역간주야
전근증(근이 심하게 뒤틀리는 것, 돌아가는 것, 전간증, 틱) 역시 간이 주관한다.
 肝本性靜若熱犯則 充熱上衝, 目充血眼赤痛, 面赤, 頭痛, 眩暈, 勞倦, 小便黃
: 간본성정약열범즉 충열상충, 목충혈안적통, 면적, 두통, 현운, 노권, 소변황
간의 본성은 고요한데(고요하고 안정됨) 열이 침범하게 되면 충열이 되면서 열이 위로 쳐올라 
눈이 충혈되고, 머리가 아프고 어지러우며, 몸이 노권해지고 소변이 진하다.
肝虛者過勞則 虛熱肝犯然 血液口, 鼻, 妄行, 或大, 小便妄行
: 간허자과로즉 허열간범연 혈액구, 비, 망행, 혹대, 소변망행
간이 허약한 사람이 과로하면 허열(이상적으로 동하는 열)이 간을 침범하여 
구강, 코로 출혈이 나고 혹은 대소변으로 출혈이 되기도 한다. 肝熱盛則 氣血上衝 頭痛, 項强痺痛,肩謹痺, 惡心嘔逆, 腹痛, 易怒恚, 魂不安, 多警
: 간열성즉 기, 혈, 상충, 두통, 항강비통, 견근비, 오심구역, 복통, 역노에, 혼불안, 다경
간열이 심하면 기와 혈이 위로 쳐올라 머리와 뒷목이 뻐근하게 아프고 
오심구역과 함께 복통이 생기고 쉽게 화를 내며 혼이 안정이 안되고 깜짝깜짝 잘 놀래게 된다. 
肝熱極甚者 心煩熱, 煩燥, 四肢躁擾, 夜, 臥不得安, 魂不安, 不意識, 暴言, 暴行, 狂言
: 간열극심자 심번열, 번조, 사지조요, 야, 와불득안, 혼불안, 불의식, 폭언, 폭행, 광언
간열이 극심한 사람은 가슴에 번열감과 함께 갑갑하고 어쩔줄 몰라하며 
야간에 누우면 안정이 안되며 불안하고, 제정신이 아니기도 하고 폭언, 폭행, 광언(미친 소리)을 한다. 肝經風濕熱犯則 必頭眩, 痛, 目腫痛, 膝經腫痛痿痺: 간경풍습열범즉 필두현, 통, 목종통, 슬경종통위비
간경맥에 감기로 인해 풍습열사가 침범되면 반드시 어지러움증과 함께 두통이 생기고 
눈이 붓고 아프며 무릎이 붓고 아프며 힘이 없어지고 저리게 된다. 
肝經風寒濕留滯則 小腹筋痺痛, 小腹牽莖囊痛(㿗疝): 간경풍한습유체즉 소복근비통, 소복견경낭통(퇴산)
간경맥에 풍한습(차갑고 습한 기운)이 침범하여 정체되면 
아랫배 근육이 땡기면서 아프게 되고, 진행되면 고환이 잡아당기듯한 통증이 생긴다. 
(퇴산: 음낭이 됫박처럼 붓는데 통증은 없는 경우, 여성은 음부가 불둑 부어오름)
肝虛者犯風邪極盛則 錄便, 泄瀉(若洞泄者急轉難治病): 간허자범풍사극성즉 녹변, 설사(약동설자급전난치병)
간이 허한데 풍한사가 침범되면 녹변 설사를 한다.
(만약, 동설(물설사)를 하게되면 탈수로 인해 사지가 뒤틀리고 난치가 되기도 한다)
肝經氣鬱者卽鬱火積滯者 氣衝, 血積因 心腹煩燥, 脇肋痛, 陰器充血腫痛, 多怒恚, 性急暴言
: 간경기울자즉울화적체자 기충, 혈적인 심복번조, 협늑통, 음기충혈종통, 다노에, 성급폭언
간경맥에 기가 울체되면 곧 열이 적체되고 저절로 화가 뭉쳐 기가 위로 쳐오르고 
혈액이 정체되어 옆구리가 아프고 음부나 음낭이 붓고 아프며, 성질을 잘 내고 성급해지고 폭언을 한다.
 肝經鬱氣久不解則 肥氣生, 左脇如覆杯, 瘧症發: 간경울기구불해즉 비기생, 좌협여복배, 학증발
간경의 울기가 오래도록 풀리지 못하면 간에 적취와 비기(사발엎어놓은 듯 부풀어 오름)가 생긴다. 
왼쪽 옆구리 사발 엎어 놓은 것처럼 부풀어 오르고 학질(열이 올랐다내렸다 몸이 몹시 힘듦) 이 생긴다.肝氣, 血, 精, 虛衰者 食至腥臭, 目昏, 暗, 赤花, 黑花見, 消化吸收不良, 營血不成, 便泄
: 간기, 혈, 정, 허쇠자 식지성취, 목혼, 암, 적화, 흑화견, 소화흡수불량, 영혈불성, 변설
간의 기와 혈, 정(호르몬) 허쇠자는 음식을 대하면 비린내가 나고, 
눈이 어지럽고 침침하고 비문증(벌레가 날아다니는 것 같다)이 생긴다. 
또한 소화 흡수가 불량해져 혈액생성이 불량해지고 대변이 무르게 된다.(무른변을 자주보고 시원하지않다.)肝虛者 肝經氣鬱則 胸, 脇痰起, 遺精, 遺尿: 간허자 간경기울즉 흉, 협담기, 유정, 유뇨
간이 허약한 사람이 기가 울체되면 흉협에 (옆구리에) 담이 잘 붙고 
정액이 저절로 흐르거나 뇨가 저절로 나오기도 한다. 
 ◎ 肝臟과의 관계
五行(오행)에 있어서는 木(목)과 연관
五志(오지)에 있어서는 怒(노-성냄)와 연관
五色(오색)에 있어서는 靑色(청색)과 연관
五液(오액)에 있어서는 淚(루-눈물)와 연관
五體(오체)에 있어서는 筋(근-근육,힘줄)과 연관
五味(오미)에 있어서는 酸味(산미-새콤한 맛)와 연관
五節(오절)에 있어서는 春(춘-봄)과 연관
五聲(오성)에 있어서는 呼(호-부를)와 연관
五穀(오곡)에 있어서는 麻(마-참깨, 들깨)와 연관
五果(오과)에 있어서는 李(이-배)와 연관
五畜(오축)에 있어서는 犬(견-개고기)과 연관
五臭(오취)에 있어서는 臊(조-누린내)와 연관
五竅(오규)에 있어서는 目(목-눈)과 연관
※ 天의 六氣中 風과 연관: 천의 육기중 풍과 연관
 http://pf.kakao.com/_UJllxb/chat안녕하세요~
#전화중국어 #화상중국어 전문 우리차이나입니다~♥중국에서 생활하다 보면 부부들의 결혼을 "금혼", "은혼" 이렇게 얘기하는걸 듣게 되는데요~
중국에는 "금혼"이라는 드라마도 있죠? 방영후 큰 인기를  모으기도 하였답니다~이렇게 중국에는 결혼의 별칭과 그 의미가 있어서 
이에 대해 궁금해하시는 분이 참 많은데요~
오늘은 부부의 결혼 년수에 따른 별칭과 의미를 함께 알아보기로 해요~
 1주년 지혼 纸婚 [ zhǐ hūn ]
해석: 이때의 관계는 종이  한 장과도 같이 얇기에 조심스럽게 관리하여야 한다.
 2주년 면혼 棉婚 [ mián hūn ]
해석: 관계가 좀 두터워졌지만 연마가 필요하다.
 3주년 혁혼 革婚 [ gé hūn ]
해석: 혼인관계가 끈기가 있기 시작하였다.
 4주년 실혼 丝婚 [ sī hūn ]
해석: 실처럼 부드러우면서도 강인하고 알콩달콩 하다.
 5주년 목혼 木婚 [ mù hūn ]
해석: 서로의 마음이 단단하고 질기다.
 6주년 철혼 铁婚 [ tiě hūn ]
해석: 부부의 감정이 철처럼 견고하다.
 7주년 동혼 铜婚 [ tóng hūn ]
해석: 철에 비해 쉽게 녹슬지 않으며 파괴할 수 없다.
 8주년 도혼 陶婚 [ táo hūn ]
해석: 도기처럼 아름답고 보호하여야 한다.
 9주년 류혼 柳婚 [ liǔ hūn ]
해석: 버드나무처럼 비바람을 두려워하지 않는다.
 10주년 석혼 锡婚 [ xī hūn ]
해석: 백철처럼 견고하고 쉽게 깨지지 않는다.
 11주년 강혼 钢婚 [ gāng hūn ]
해석: 강철처럼 견고하고 마음이 한평생 변하지 않는다.
 12주년 련혼 链婚 [ liàn hūn ]
해석: 쇠사슬처럼 서로의 마음이 한고리 한고리 꿰여있다.
 13주년 화변혼 花边婚 [ huā biān hūn ]
해석: 다채롭게 생활하다.
 14주년 상아혼 象牙婚 [ xiàng yá hūn ]
해석: 시간이 지날수록 색채가 더욱 빛나고 아름답다.
 15주년 수정혼 水晶婚 [ shuǐ jīng hūn ]
해석: 수정처럼 투명하고 맑으며 눈부시다.
 20주년 자혼 瓷婚 [ cí hūn ]
해석: 자기처럼 매끄럽고 흠이 없기에 깨어지지 않게 아껴야 한다.
 25주년 은혼 银婚 [ yín hūn ]
해석: 변하지 않는 가치가 있고 결혼 후에 맞이하는 첫 경축이다.
 30주년 진주혼 珍珠婚 [ zhēn zhū hūn ]
해석: 진주처럼 동그랗고 아름다우며 진귀하다.
 35주년 산호혼 珊瑚婚 [ shān hú hūn ]
해석: 빨갛고 보귀하며 광채가 특별하다.
 40주년 홍보석혼 红宝石婚 [ hóng bǎo shí hūn ]
해석: 홍보석처럼 희귀하고 빛갈이 영원하다.
 45주년 사파이어혼 蓝宝石婚 [ lán bǎo shií hūn ]
해석: 진귀하고 찬란하며 아낄 가치가 있다.
 50주년 금혼 金婚 [ jīn hūn ]
해석: 결혼 후의 두 번째 경축으로 금처럼 견고하고 지고지상하다.
 55주년 비취혼 翡翠婚 [ fěi cuì hūn ]
해석: 비취옥처럼 얻기 어렵다.
 60주년 다이아몬드 钻石婚 [ zuàn shí hūn ]
해석: 부부가 인생에서의 제일 큰 경축으로 희귀한 날이며 금생무회라는 뜻을 나타낸다.
지금까지 중국의 결혼 연수에 따른 특별한 별칭을 알아보았어요~
부부는 시간이 지날수록 더욱 빛나고 견고해지는 각별한 관계죠~
여러분들도 다이아몬드가 되는 그날까지 행복한 결혼생활 누리길 바랄게요~~☆더욱 생생한 중국이야기는 아래에서 우리차이나의 원어민 선생님과 이야기해보세요~♥관련글 보기♥walk_around_market
👣산책길마켓을 즐기는 방법!
-
1️⃣ 장바구니를 이용해 주시거나 한봉투에 여러 물품을 담을 수 있도록 해주세요.
산책길마켓도 비닐 사용 줄이기에 동참 합니다🙂
2️⃣ 산책길마켓 후기 이벤트가 예정 되어 있습니다.
마켓을 이용하는 예쁜 모습들 남겨주세요.
마켓이 종료 되고, 이벤트 안내가 됩니다.
3️⃣ 마켓 물품 구매시, 뽑기를 통해 길벗들이 준비한 선물이 당첨 되실 수 있어요.
4️⃣ 귀욤뽀짝한 어린이셀러는 4시까지 함께 하구요, 그 이후 오후 4시 에는 "그림책버스킹" 이 진행됩니다. 아이와 함께 방문하시는 분들께도 좋은 시간이 될 것 같아요.
.
.
🌳산책길마켓🌳
6월16일 pm1-6
카페 걷다보면 주차장
⠀⠀⠀⠀⠀⠀⠀⠀⠀⠀⠀⠀⠀⠀⠀⠀⠀
🌷원활한 진행을 위해, 주차는 꼭!! 주변 올림픽기념관/도립도서관 주차장을 이용해주세요.😄 ⠀⠀⠀⠀⠀⠀⠀⠀⠀⠀⠀⠀⠀⠀⠀⠀⠀
⠀⠀⠀⠀⠀⠀⠀⠀⠀⠀⠀⠀⠀⠀⠀⠀⠀
👣저희는 1년에 4번 만나실 수 있어요! 채우고 가꾸고 열심히 준비해서 함께 즐기는 시간을 만듭니다. 올해 2019년의 두번째 마켓입니다.
👣수익금 일부는 유기견을 돕고 있어요.
👣저희는 길벗입니다.
산책길에서 걷다 쉴 수있는, 함께 걸을 수 있는 길벗이 되어드릴께요.
👣길벗의 제품은 모두 손으로 만들어요.
.
.
#마로작업실#숲의안부#가치놀자#퀼트스토리#조이래빗#맘인더가든#마데마데앳홈#파파새김#아트공작소#단비플라워떡케이크#책봄#리버#이순간#리을작업실#꼼지락#걷다보면#정직하게#재재쓰다#개인공간#목혼#뺑드나뚜르#착한과일#어린이셀러#길벗#구미#금오산#금오산산책길#산책길마켓#구미데이트#구미플리마켓1. 주소증 청취 -> 특정 병위와 관련이 깊은지 확인
2. 표리 감별 (오한, 발열 확인)
2-1. 표증이면 한열 or 상겸(조, 습, 담) 확인
2-2. 리증이면 다음 단계
3. 허증 여부 확인(허맥, 세맥, 자한, 도한, 면색창백 등)
3-1. 한열지표 있으면 음허 또는 양허
3-2. 한열지표 없으면 기허, 혈허, 진액부족, 정허, 신허
4. 실증 유력-> 한열지표 있는가?
4-1. 있으면 실열, 한실
4-2. 없으면 내풍, 이습, 담음, 식적, 기체, 어혈
5. 장부 탐색
6. 단일 장부 하위증 탐색
7. 장부상겸증 탐색
<오장육부의 핵심병위지표>
간- 협통, 현맥
심- 심계
비- 식소, 복창, 변당
폐- 해, 담
신- 요슬산통, 요슬무력
담- 구고
소장- x
위- 오심, 구토, 위완통
대장- x
방광- x
<허증>
- 기허증: 단기, 소기, 라언, 성저, 무력, 신피, 자한, 면백, 면색위황, 설담, 맥무력
- 양허증: 단기, 소기, 라언, 성저, 무력, 신피, 자한, 형한, 질애, 외한, 대변당박, 소변청장, 요소, 부종, 면백광백, 설담, 태백활, 맥침지무력
- 혈허증: 두훈, 목현, 목혼, 목화, 모발불영, 조갑고취, 마목, 면백, 구순지갑담백, 면색위황, 설담, 맥세
- 음허증: 두훈, 목현, 조열, 오심번열, 번조, 불면, 다몽, 변건, 뇨황, 구조, 인건, 도한
<실증>
1) 원발성
- 내풍증: 구급, 추휵, 마목, 두통, 현맥
- 외풍증: 해, 수, 천, 담, 흉민/통, 오한, 발열, 부맥, 두통, 신동
- 이습증: 창만비민, 식소, 오심, 구토, 신중, 변당, 변농혈, 대하, 면황, 기부발황, 태니, 맥활, 맥유
- 한실증: 형한, 지랭, 외한, 희온, 복통, 대변당박, 소변청장, 설담, 태백활, 맥침지
- 실열증: 발열, 번조, 불면, 다몽, 구갈, 인건, 변건, 뇨황, 면적, 설홍, 태황, 맥삭
2) 속발성
- 기체증: 협통, 소복통, 복통, 두통, 유방통, 창만비민, 이노, 심번, 신지억울, 선태식, 월경부조, 적, 취
- 혈어증: 자통, 통증 부위가 일정, 야간에 심함, 설/기타청자색, 설질자암, 어점, 어반, 설하락맥노장, 맥삽, 맥결대
- 담증: 창만비민, 식소, 오심, 구토, 두훈, 목현, 담, 치매, 혼, 광, 태니, 맥활
[시뮬레이션]
1. 인사-> 인적사항, 주소증, 현병력 등 쭉 묻고
2. 처음 말하는 증상 들으면서 병위나 병성지표 예상하기
3. 오한, 발열 묻기 -> 표리 감별
4-1. 표증이면 지랭, 외한, 소변청장, 대변당박  vs. 오심번열, 구건, 변건, 뇨황 묻기 -> 한열 구분-> 허실 구분
4-2. 리증이면 피로, 무력, 발한 증가  묻기 -> 허실 감별 -> 그 다음에 한열구분
*맥진, 설진, 복진
*허증이면 4대허증 구분 질문, 실증이면 기체, 습, 담 등 구분 질문하기.
5. 장부 관련 핵심병위지표 묻기
변증은 교실 나와서 하기.
안에서는 일단 필요한 질문 던지는 게 중요.대방시장 및 보라매역 반찬가게 향미찬방은 오늘 주말인데도  여의도 사무실  자동차판매점  벤츠 GS입주 기타주문이 많이 들어와 정신없이 준비하여 각 업체에 배달 주었네요조기주의..체질에따라 풍질 담질<가래가 있는질환>창양<피부질환으로 인한 가려움증>있는 분들은 섭취를 신중히할것여의도매일도시락  벤츠자동차판매점   학교 레미안 관리실 약국~~매일도시락#대방시장 #여의도반찬가게  #여의도 매일도시락  #매일도시락 # 주문도시락 #행사도시락   #향미찬방
  #보라매역반찬가게 새삼의 씨앗인 토사자는 새삼스러울(?) 정도로 보신익정(補腎益精)의 효능이 강하여 음양곽(삼지구엽초)와 하수오(적하수오)에 견줄만 하다고 합니다.
자세히 살펴 보지요.
- 새삼
   • 메꽃과에 속하는 한해살이 덩굴성 기생식물. 들판, 개울가, 숲 가장자리에 자람.
   • 다른 이름 : 금사초(金絲草), 금등등, 무근초. 
   • 종자가 발아하여 나무, 칡, 쑥 등에 올라붙게 되면 스스로 뿌리를 끓고, 잎은 퇴화하여 길이 2㎜ 이하의 비늘 모양으로 남게 됨. 숙주식물에게서 양분을 흡수하면서 다른 식물을 감고 올라가며 자람.
    • 줄기는 직경이 1.5~2㎜의 굵은 철사 같으며, 어릴 때에는 밝은 녹색이지만 성장하면 황갈색이고 흔히 자갈색 반점이 있음.
   • 꽃은 8~9월에 흰색의 작은 꽃이 이삭 모양으로 여러 개 모여서 핌.
   • 열매는 삭과(蒴果 : 열매 속이 여러 칸으로 나뉘고 칸 속에 종자가 든 구조)로 난형이며, 9~10월에 익고, 벌어지면서 종자(菟絲子)가 방출됨.  - 약재 토사자(菟絲子)
   • 다른 이름 : 새삼씨, 菟絲實(토사실), 野狐絲(야호사), 玉女(옥녀), 龍鬚子(용수자), 赤网(적망), 吐絲子(토사자), 火焰草(화염초), 黃藤子(황등자)
   • 생김새 : 구형~원반형으로 된 작은 알맹이 모양. 지름 1-3 mm, 100 개의 무게는 106 mg 정도. 바깥면은 황록색~흑갈색이며, 뾰족한 쪽에 작은 홈이 있고, 질은 단단.□ 새삼씨 토사자 효능
- 약성 : 신감(辛甘), 평(平). 맛은 맵고 달며, 성질은 평이. 성질이 따뜻(溫)하다고도 함.
- 귀경 : 간(肝), 신(腎), 비(脾) 
- 칼슘, 마그네슘, 나트륨, 니켈, 라듐, 철, 아연, 망간, 구리 등 각종 미네랄이 풍부.
- 약리작용
   • 보간신(補肝腎) : 간(肝)과 신(腎)을 보익(補益)함 ☜ 주로 양기(陽氣)를 보함
   • 익정수(益精髓) : 정기(精氣)와 골수(骨髓)를 보익(補益)함.
   • 강근골(强筋骨) : 근육과 뼈를 튼튼하게 함
   • 명목(明目) : 눈을 밝게 함
   • 안태(安胎) : 태기(胎氣)를 안정시킴
   • 이뇨 : 이뇨(利尿) : 소변을 잘 나오게 함 
   • 지사(止瀉) : 설사(泄瀉)를 치료.
   • 거풍(祛風 ) : 밖으로부터 들어온 풍사(風邪)를 몰아냄.
   • 혈당강하
- 주치병증
   • 남성 정력증진, 발기부전(임포텐스), 유정(遺精 : 정액이 저절로 나오는 증상)
       cf) 음양곽(삼지구엽초), 하수오와 더불어 남성 정력증진의 대표적인 생약.
   • 뼈를 강하고 튼튼하게 해 줌 ☜ 칼슘, 인, 마그네슘
   • 요슬산연(腰膝酸軟) : 허리와 무릎이 연약하고 시림.
   • 목혼(目昏) : 눈이 어두워져 잘 보이지 않는 병증
   • 이명(耳鳴) : 귀에서 소리가 들리는 증상
   • 소변빈삭(小便頻數) : 소변이 자주 마려운 증상.   
   • 오줌소태 : 방광염, 요도염 등으로 인해 소변이 잦고(빈뇨), 소변이 마렵기 시작하면 참기 어려움(절박뇨). 배뇨 후에도 잔뇨감이 남아 있음. 소변볼 때 따끔거리고 찌릿찌릿한 통증이나 배뇨 시 피가 섞여서 나오는 혈뇨 증상이 수반되기도 함.
   • 소변이 시원하게 안 나오고 방울방울 떨어지는 증상
   • 뇨탁(尿濁) : 오줌이 흐리고 아주 탁한 증상.
   • 비허구사(脾虛久瀉) : 소화기능 부진으로 인한 만성설사
   • 습관성 유산(習慣性 遺産) 
   • 태루(胎漏) : 임신기에 하복통이 없이 조금씩 자궁출혈이 있는 증상. 임신 중절 초기 증상임
   • 태동불안(胎動不安) : 임신 중에 자주 태(胎)가 움직여 아래로 떨어지는 듯하고 허리가 쑤시고 배가 아프며 음도(陰道)에서 적은 양의 하혈(下血)을 하는 것. 임신이 중절되려는 증상임.
   • 대하(帶下)
   • 남성과 여성 모두의 난임증
   • 당뇨병 예방 및 완화
   • 빈혈 예방 및 완화 ☜ 철분, 마그네슘
   • 술에 담갔다가 햇볕에 바싹 말리어 찌기를 아홉 차례 반복한 후 이를 찧어서 가루로 만든 다음 빈속에 두 돈씩 따뜻한 술에 타서 하루에 2번씩 장복하면 눈이 밝아지고 몸이 가벼워지며 수명이 늘어남.(동의보감)
- 생용(生用) 혹은 주구(酒灸)하거나 주침(酒浸)후 증폭(烝曝)하고 갈아서 병(餠)을 만들고 약한 불에 말려서 사용.
□ 새삼씨 토사자 부작용
- 보음(補陰陽) 기능은 약하고 보양(補陽) 기능이 강하기 때문에 다음의 경우는 섭취를 금함
   • 신가다화(腎家多火) : 신장에 열이 많은 증상
   • 강양부위(强陽不痿) : 음경이 늘 발기되어 수그러들지 않는 증상.
   • 대변조결(大便燥結) : 변비증상
   • 소변단적(小便短赤) : 소변이 시원하게 나오지 않고 찔끔거리며, 양이 적고, 소변의 색이 붉은 증상.
- 음허화왕(陰虛火旺) 증세가 있는 경우 복용 자제. 이런 경우에 부득이 섭취하고자 할 경우에는 증상에 따라 현삼, 지모, 황백, 둥굴레, 오디 등과 함께 섭취. 
      cf) 음허화왕(陰虛火旺) : 음정(陰精)이 부족해져서 허화(虛火)가 왕성해진 것. 번조이노(煩躁易怒 : 가슴이 답답하고 화가 괜히 화가 잘남), 양관조홍((兩顴潮紅 : 양 볼이 붉어짐), 구건인통((口乾咽痛 : 입안이 마르고 목안이 아픔), 성욕항진(性欲亢進) 등의 증상이 나타남.
□ 새삼씨 토사자 먹는방법
- 새삼꽃이 피기 전에 새삼덩굴을 채취하여 발효액(효소액) 혹은 술을 담그거나, 즙을 내어 먹기도 함. 새삼덩굴을 적당히 썰어 햇볕에 말려 차를 끓여 먹기도 함.
#토사자차
토사자를 깨끗이 씻은 후 팬에서 덖은 후 절구에 넣고 찧음.
토사자 볶은 가루는 밀봉하여 냉장보관.
찻잔에 토사자 볶은 가루 10g와 뜨거운 물 200ml 정도를 넣고 10분 정도 우러나게 한 후 마심(토사자 가루째 마심).
기호에 따라 꿀을 가미하여 마시기도 함.
#토사자주 (새삼씨담금주)
가을철에 새삼 씨를 채취하여 깨끗이 씻은 후 햇볕에 2~3일 말림.
용기는 열탕소독하거나 소주로 헹구어 소독함.
새삼씨 600g과 담금주용 소주 1.8리터의 비율로 용기에 넣고 밀봉.
서늘하고 시원한 곳에서 100일 가량 숙성한 후 건더기는 걸러내고 다시 밀봉하여 6개월 숙성시킴.
아침 저녁으로 1~2잔씩 마심.
#토사흑미죽
- 재료 : 새삼씨 15g, 복령 15g, 연밥 10g, 검정깨 15g, 물 8컵, 흑미 100g, 소금 약간
- 만드는 법
   • 토사자, 복령, 연밥, 검정깨를 깨끗이 씻어 흑미와 함께 적당량의 물을 부음.
   • 센 불에서 끓이다가 약한 불로 끓이면서 죽을 쑴.
   • 소금으로 간을 하여 먹음.
- 효능 : 보신익정(補腎益精), 건비위((健脾胃)
p.s)
제 블로그를 방문해 주시는 모든 분들께 건강과 행복이 늘 함께 하시기를 기원드립니다. 🤗