﻿넷플릭스 성인미드 추천 섹스라이프 시즌1 
매우 핫하지만 바른생활 남편과 결혼한 아내, 일탈을 꿈꾼다!
※ 이 포스팅은 <섹스라이프 시즌1, 1회> 관련 스포일러를 포함하고 있습니다. 
이건 솔직히 좀 반칙이죠(?). 제목에다가 아주 떡하니 ㅅㅅ를 넣어버렸는데 어떻게 관심이 안 보겠음 ㅠㅠ
다만 <마스터즈 오브 섹스>, <섹스 앤 더 시티> 등 제목에 ㅅㅅ 들어가는 드라마에서 낚인 경우가 종종 있기 때문에 일단 기대를 최대한 접고 시청했는데 나름 괜찮던대요?
★★★★★★★★★★★★★★★★★★★★★★★★★
넷플릭스의 성인미드, 핫한 바른생활 남편과 섹시한 전 남친 누굴 선택할까?
섹스라이프 시즌1 대충 요약 줄거리 
SBSㅣ13부작ㅣ주동민, 박수진 연출ㅣ김상헌 제작ㅣ김순옥 작가ㅣ
유진, 김소연, 이지아, 엄기준, 신은경, 봉태규, 윤종훈, 박은석 출연 <섹스라이프>의 주인공 '빌리 코넬리(사라 샤이)'의 전직은 콜롬비아 심리학과를 졸업한 재원인 동시에 모교에서 강의를 했던 강사
오프닝에 그녀가 읆조리는 내레이션을 보면 부유한 남자, 가난한 남자, 문신 한 남자, 빨리 해치우는 남자까지 카마수트라에 나오는 체위를 78%까지 구사했을 정도로, 젊은 시절에는 자유분방한 사고관을 가진 채로 수많은 남자와 교제한 전적이 있는데요.하지만 학교에서 길을 찾고 있는 은행가 '쿠퍼 코넬리(마이크 보겔)'과 만나게 되면서 그녀의 인생은 180도 변하게 됩니다. 핫한 외모와 몸매를 봐서는 이 남자도 여자 꽤나 울렸을 상인데, 실상은 그야말로 바른생활 사나이.
외모, 학벌, 기가 막히는 요리실력, 누구에게나 친절함을 베푸는 성격에 부모님과도 원만한 관계를 유지하며, 겸손함과 열정을 함께 지니고 있는 그야말로 완벽한 남자.
다른 미드라면 이런 남자는 100% 게이일 확률일 높은데 게이도 아님. 외계인인가?빌리는 당연히 쿠퍼와 사랑에 빠지고 결혼해 두 아이를 낳고 행복한 삶을 살고 있...긴 했는데 현재는 욕구불만 상태.여전히 얼굴은 멋지고 몸매는 핫하고 성격은 착하고 자상한데 '그걸 안한다'는 말이지. (* 근데 아예 섹스리스는 아님), '그걸' 할 때도 남편의 시선과 신경은 TV 속의 미식축구에 가 있으니 슬슬 빡치고 지치기 시작.
그녀는 현재의 불만족스러운 성생활 때문에 과거의 자유분방했던 시절을 떠올리고, 이를 일기로 적어내려가기 시작합니다.
특히, 쿠퍼와 만나기 전에 헤어진 전 남친 '브래드 사이먼(아담 데모스)'과의 미친듯이 즐겼던 그 때를 회상하는데...하필 노트북에 적힌 이 일기를 우연히 남편 쿠퍼가 보게 되면서 두 사람의 관계는 예전과 상당히 다른 방향으로 나아가기 시작합니다.드라마에서 계속 현재와 과거회상을 번갈아가며 주인공 빌리의 상황을 보여주는데, 현(現) 남편인 쿠퍼에 비해 전(前) 남친 브래드는 뭐 하나 나을 게 없는 인간, 아니 쓰레기에 가까운 넘입니다.
브래드가 핫한 외모와 돈은 많을지 모르지만, 사실 현재 남편인 쿠퍼도 그런 면은 마찬가지고~ 성격을 따지자며 아예 그냥 비교가 안됨. 하지만 그 놈의 섹스 하나가 이 모든 장점을 흐릿하게 만들기 시작합니다.
물론 아이를 키우며 자신의 커리어가 사라지고 육아와 가사에만 모든 것을 쏟아야 한다는 것이 힘들 수도 있고, 심지어 남편과의 성생활이 원만하지 않은 것도 불만일 수는 있겠지만... 에피소드가 진행될수록 점차 흔들리는 빌리나 흔드는 브래드 색히나 짜증, 남편만 개불쌍한 형국으로 돌아갑니다.실제로 과거 회상 장면을 보면 90%가 폭풍XX임. 뭔가 멋진 일을 하고 맛있는 걸 먹고 서로 아껴준 기억이 아니라 그냥 섹X로 시작해 X스로 끝나는데도, 그 기억을
특히 이거 정신 못 차린다고 생각했던게 대학시절부터 인생의 반쪽같았던 베프 '샤샤'가 더이상 브래드와 엮이지 말라고 부탁을 했는데도 욕망의 늪에서 헤어나오지 못합니다.
(* 참고로 샤샤는 빌리의 남편 쿠퍼를 이 빌어먹을 세상에서 가장 착한 남자, 브래드는 쓰레기라고 부른다.)솔직히 넷플릭스 신작드라마 <섹스라이프>를 보다보면 아내가 좀 (많이) 너무하다는 생각이 들었습니다.
단순히 브래드는 과거일 뿐이고, 남편은 현재진행형인 상태로 볼 것이 아니라... 현재 남편 쿠퍼가 모자란 게 없잖아요.
비주얼도 좋고 몸도(?) 좋고, 나름 능력과 재력도 겸비한데다, 음식도 잘하고 자식한테만 잘하는 걸로 모질라서 항상 아내만 바라보고, 아예 섹스리스인 것도 아닌데다 와이프가 과거 남자와 흠좀무했던 일기를 봤는데도 화를 내긴 커녕 그걸 보고 자신이 더 적극적으로 변하기 위해 노력하는데... 이런 남자가 있다고? 그런데 아내는 딴 남자랑 여전히 밀회를 생각한다니...
(나는 처음에 당연히 쿠퍼도 아내와 마찬가지로 불륜 중일 줄 알았음, 근데 그게 아니라 정말 아내만 바라봄.)
솔직히 전 남친 브래드가 현 남편 쿠퍼보다 나은 게 뭐가 있음?????... 
이라고 생각했는데 3회 보고 깜짝 놀랐다 ㅋ 
야!!!!! CG인 줄 알았어.... ㅋㅋㅋㅋㅋㅋㅋㅋㅋ
방패는 사라질까? <좋아하면 울리는 시즌2, 1회> 리뷰 보기 
1년 만에 교체된 넷플릭스 최고 시청률 드라마 <브리저튼> 리뷰 보기 
갓승우와 갓신혜 조합 <시지프스> 리뷰 보기 
회당 30억원으로 탄생시킨 괴물들과의 사투 <스위트홈 시즌1> 리뷰보기
프랑스 버전의 섹스 앤더 시티? <에밀리 파리에 가다 시즌1> 리뷰 보기 조금 더 크면 잘 먹겠지 괜찮아 지겠지 하면서 기다렸는데 오히려 더 편식을 하는아이 때문에 고민이 많은데요~ 야채는 정말 조금만 들어가도 안먹는 아들 때문에 고민고민 하다가 바른생활교육원에서 나온 동결건조 유기농 야채가루를 알게 되었답니다.
아이가 좋아하는 패스트푸드중 감자튀김과 치즈스틱을 유독 좋아하는데요~ 그런 느낌으로 만들어 보자 하고 야채가루를 섞어 감자채전을 만들어 보았어요~ ㅎㅎ 저희 아이는 약도 잘 먹는데 유독 식감에 예민한 편인거 같아요~!! 고기도 잘 안드시거든요~ ㅠㅠ
우선 야채가루도 아이가 먹을꺼니까 좋은걸로 골라야죠~ 원래는 다이어트식으로 드시는분들을 위해 나온건데요~ 저도 요즘 열심히 당관리하면서 건강을 위해 다이어트 중이거든요~ 그래서 아이반찬으로도 만들어주고 저도 한잔씩 타먹고 있어요!!
신랑이나 저나 야채를 싫어하지는 않지만 잘 챙겨먹는 스타일이 아니라그런지 아이도 유독 잘 안먹는거 같기도 하네요~ ㅠㅠ
저도 핑계라면 핑계지만~ 야채는 사다 놓으면 반찬에 들어가는 몇가지는 잘 사용하지만 생으로 섭취하기가 쉽지 않더라고요집에서 야채주스 만들어 먹던 분들도 요기꺼로 편하게 마시면 편할거 같구요 ㅎㅎ 새몸 유기농 동결건조 야채분말은 생야채 그대로 간편히 먹을 수있는데요~ 9종 과채를 국내산 유기농 100% 원물만 사용해서 만든 제품이에요~!!
평소에 건강을 위해서 야채를 골고루 챙겨먹고 싶은 분들이나 저처럼 야채를 사둬도 잘 안먹게 되고 금새 상해서 버리는 일이 많으신 분들이 사용하면 완전 꿀템이지요 ㅎㅎ
원래는 고른 영양분 섭취를 해야하는 암 환우들의 야채 보충을 위해 고안된 제품이라고 하는데요~ 그렇기에 품질만큼은 정말 최고라고 하더라구요. 바른생활교육원 야채가루 안에는 브로콜리, 양배추, 밀싹, 밀감, 신선초, 당근, 샐러리, 시금치, 케일등이 들어 있는데 건강한 식습관을 위해 경험에서 우러난 최적의 배합비로 만들어진 제품으로 야채를 동결건조 방식으로 갈아내면 생야채 속 들어있는 영양소의 손실을 최소화 할수 있기 때문에 동결건조 방식을 사용한다고 해요.
몰랐던 상식 하나. 착즙기를 통해 야채즙을 내면 착즙 과정에 열이 발생해 식이섬유가 파괴된다고 하네요. 그러나 동결건조 방식을 사용하면 원물을 낮은 열로 건조하여 식이섬유, 비타민 등 열에 약한 영양소도 보존할 수 있고요~ 착즙과 영양소 흡수율은 비슷하지만 분말의 경우 흡수 속도가 느려 소화 중 간에 무리를 주지 않는다고 하네요^^
과일이나 채소의 1일 권장 섭취량은 400~600g으로 첨가물이 없는 유기농 야채가루 15g이면 충분히 챙길 수 있는데요 함께 동봉되어 있는 스푼으로 가득 한스푼이면 된다고 해요. 좋았던 점은 첨가물이 들어가지 않았다는 점!! 그리고 찬물에도 잘 목아서 한스푼씩 물에 타서 마시기도 좋더라고요~!!또 HACCP 인증 제조공장에서 이물질이나 타르색소 불검출 검사를 통과한 제품으로 안전하게 먹을 수 있고요!!
보통 밥 먹기 전에 한잔씩 먹는게 좋구요~ 아침은 식사대용으로도 굿이에요~!! 저는 그냥 물에 타서 먹어도 괜찮더라구요~ 샐러리향이 나서 먹기도 좋고요~ 혹 냄새가 거슬린다 하시는 분들은 바나나, 키위 같은 과일을 갈아 주스에 타먹거나 두유에 타먹어도 맛있어요~!!
편식대장 아이반찬으로 좋은 야채가루가 들어간 감자채전 만드는 방법 알려드릴께요~!!
야채가 안보이는 감자채전 만들기
준비물 - 감자 1알, 야채가루 1, 전분 3, 밀가루 3, 소금, 깨소금, 슬라이스 치즈, 식용유만드는 방법은 아주 간단해요~ 우선 감자를 얇게 채썰어줘요~!!
바삭한 식감을 주려고 저는 부침개를 만들 때 전분을 넣어주거든요~ 전분, 밀가루, 물은 1:1 비율로 하시면 되구요~  야채가루는 5g 정도 넣어줬어요~ 너무 많이 넣으면 초록색이 진해져서 아이가 안먹을 까봐 처음이라 조금 넣어줬는데요~ 아이가 잘 먹으면 더 넣어줘도 되겠쥬~!!전분가루, 밀가루, 야채가루를 전부 넣어주고 소금을 한꼬집 넣어줘요~!! 아이가 먹을거라 간은 많이 하지 않구요~ 간장소스를 연하게 해서 찍어먹으면 되기때문에 간을 많이 할 필요는 없어요~!!저는 소금대신 연두를 조금 넣어줬는데요~ 연두를 넣어주면 감칠맛이 살짝 나더라고요 ㅋㅋㅋ  야채향도 조금 가려주고요~!!프라이팬에 식용유를 넉넉히 둘러주고 프라이팬을 먼저 가열해줘요~!!
기름은 낮은 온도에서 음식을 넣었을 때 음식이 기름을 흡수하기 때문에 열을 가하고 나서 넣어주시면 기름지지 않고 바삭하게 만들 수 있어요.가열된 프라이팬에 감자채가 겹치지 않게 잘 펴주고 약불보다 살짝 강하게 해서 익혀주면 되는데요~!! 바쁘실 때는 아주 약한불에 1분이상 두어도 타지 않아서 저는 다른 음식을 하고 있을 때 약불에 두고 천천히 뒤집어 주거든요~!! 그러면 더 바삭바삭해 지더라고요~!!앞뒤로 노릇노릇 바삭하게 구워지면 위에 슬라이스 치즈를 반으로 잘라 한장 길게 올려주고 뚜껑을 닫아 녹여줘요~!!
간장소스는 간장 작은1T, 바나나식초 작은1T, 물 작은1T, 깨소금을 넣어줬어요!! 짜지 않고 달짝지근하면서도 시큼한맛이 살짝나서 감자채전이랑 찍어먹기 좋아요.
이렇게 간식으로 먹어도 좋고~ 밥 반찬으로 먹어도 좋더라고요!!
이쁘게 담아내면 완성~ 울 아이는 견과류는 엄청 잘 먹어서 치즈위에 잣을 몇개 올려줬어요^^두근두근두근~ 아이에게는 채소가들어가지 않은 지츠 감자채전이라고 이야기 해주고 맛보게 했는데요~ 처음에는 음미하면서 드시더니 바삭해서 맛있다고 잘 먹어주더라고요~!! 후훗~ 다음에는 야채가루 양을 조금 늘려서 기름지지 않은 반찬으로도 도전해 봐야겠어요 ㅎㅎ저는 요즘 건강분말로 야채가루 물에 타서 마시고 있는데요~ 역시 식이섬유가 풍부해서 그런지 요즘 화장실 자주 못갔는데~ 하루에 한번씩 매일 가고 있답니다 ㅎㅎ 야채분말 15g이면 생야채 600g 먹는것과 같다고 하니 마음이 좀 놓여요 ㅎㅎ
저는 특히 저녁에는 두유를 좋아해서 두유에 타먹기도 하고~ 저녁대신 먹을 때는 두부와 함께 먹으니 한끼 대용으로도 좋고~ 다이어트에도 굿굿!!다가오는 여름을 위해 다이어트를 하시는분들이나 채소를 먹고 싶은데 챙기기 힘드신분들 혹은 아이가 채소를 전혀 안먹어 걱정이신분들은 새몸 유기농 동결건조 야채가루와 함께 해 보세요~!! 추천드려요~!!
처음이라 500g은 부담되시는 분들은 300g으로도 나오니까 작은 용량으로 드셔보세요!!  파란토끼 8번째 이야기안냐세욥!
즐거운 블루래빗 시간이 돌아왔슴다~^^
지난 시간에는 우리 아이들과 매일 함께 하는 
수면인형 러블리부와 흥폭발하는 쪽쪽사운드에  
대해 알아보았어요.두 가지 모두 우리 아이들의 최애템 중 
하나였는데 오늘 이야기도 그렇답니다.
누나와 퐁포코, 둘의 사랑을 독차지하고 있어
쟁탈전이 수시로 일어나는 장난감이거든요.
우리 아이들의 바른 생활습관을 담당하고 있는 
블루래빗 토이북의 교육완구이기도 하고요~^^
궁금하시죠?
그럼 바로 만나보도록 할게요.3step
적정 연령 : 12m+바른 식사놀이 세트는 
블루래빗 토이북 3단계에 속하는 완구에요.
12개월 정도 되면 걷기 시작하면서 활동량이 
많아지고 탐구생활도 시작하면서 지적 능력이 
급격히 성장하게 되거든요. 
때문에 일상생활 놀이를 통해 기본 생활습관을
배우는 적당한 시기이기도 하고요. ‘잘 먹겠습니다!’는 그런 3단계의 발달상황에 
맞춰진 식사 놀이로 역할 놀이를 통한 바른 식습관을 기르는 토이 세트라고 보시면 될 것 같아요.
보드북과 세트로 아이들에게 음식이 만들어지는 
이야기를 통해 고기나 과일, 채소 등의 재료들이 
낯설지 않도록 익숙한 환경을 만들어 줄 수 있거든요.
 편식하지 않도록 도와주는 블루래빗 토이북의 
교육적인 효과를 기대해 볼 수 있는데 쉽게 말해
 우리 집 식습관 도우미인 셈이랍니다.구성은 고양이 모양의 볶음밥과 방울토마토, 
고기완자, 브로콜리, 달걀말이 반찬으로 되어 있는데
평범해 보이지만 평범한 듯 평범하지 않은 
토이더라고요.
고양이 볶음밥에 숟가락을 넣어다 빼면 마치 밥을 
푼 듯 숟가락 위에 볶음밥이 뿅~ 하고
생기거든요~^^
그리고 모든 반찬에는 일자 모양의 틈새가 있어 
포크로 찍을 수도 있답니다.
아이들이 리얼하게 먹는 흉내를 내며 노는데
그래서 더 좋아하는 것 같았어요.
^^
그럼 우리 아이들은 어떻게 노는지 
구경해보실까요~제일 먼저 울 1호의 차지가 되었어요.
소꿉놀이를 좋아해 이것만은 절대 동생에게 
양보할 수 없다는 누나의 승리였지요,, ㅋ
여유롭게 자기만의 시식 타임을 가진 후
이어진 동생과의 소꿉놀이~사실,, 소꿉놀이라기보단 일방적인 
밥 먹여주기 놀이였지만요,, 
쿄쿄,,
하지만 먹방에 눈을 뜬 18개월의 울 2호!
먹는 걸 제일 사랑해서 그런지 
호흡이 척척 맞았답니다.
주는 대로 그대로 신나서 먹는 척~
앙~
어찌나 귀엽던지요~❤︎
1호는 열심히 브로콜리부터 골고루 
먹여주는 시늉을 했지만 결국 고기완자에서 
빼앗겼어요~
ㅎㅎ그렇게,, 1호의 선놀이가 끝난 후,, 
2호의 차지가 되었지요.
표정부터 행복 가득~~ㅋ
넘 좋아라하죠?
우리 집 먹방계의 샛별답게 금세 애착템이 
되었답니다.그리고 책도 빠질 수 없지요~
음식이 만들어지는 과정을 그림으로 재미있게 
표현해 준 보드북
 '잘 먹겠습니다'도 같이 보았어요.
여러 가지 다양한 음식 재료들이 나오기 때문에
설사 아이가 싫어하던 재료들이라도 친해질 수 
있는 기회가 되겠더라고요.
마지막 장의 주인공이 맛있게 먹을 장면을 연상해 
먹는 시늉도 해보고 다양한 반찬과 밥을 맛있게 
먹는 놀이도 하고~
이렇듯,,
우리 아이의 편식과 바른 식습관을 길러 줄 
재밌는 교육놀이가 되었답니다.그리고 같은 3단계의 보드북을 하나 더 
소개해 드릴게요.이것 역시 청개구리 같은 우리 아이들의 
바른 생활습관 들이기 보드북이에요.
아이들이 성장하면서 고민되는 습관들을
칭찬하며 바로잡는 손놀이 인형책이지요.
손놀이 사용 방법은 엄지와 검지를 넣어 
개구리 팔을 움직이면 된답니다.근데,,
왜 아이들에게 칭찬이 중요할까요?
잘못을 지적당하고 혼나며 자라는 아이보다 
부모의 적절한 칭찬을 받으며 자라나는 아이들이 
자신감과 자존감이 더 높기 때문이에요.
 우리 아이들이 자기 자신을 사랑하고 자신감을 
잃지 않도록 부모의 격려와 아낌없는 칭찬~
잊지 말아야겠죠?개구리에 관심을 보이는 아이들~!
아이들의 이목 끌기도 성공~~
캐릭터가 초록초록 넘 귀엽더라고요.그러고는 울 퐁포코!! 
천재인가봐여~ㅋ
요 페이지의 주제가 ‘사이좋게 나눠 먹어요’ 
였거든요.
의도하진 않았고 어쩌다 보니 과자를 먹고 있을 때 
뜯어주게 됐는데 스스로 개구리를 보자마자 
들고 있던 과자를 입에 넣어 주더라고요.
그 뒤 더 대박인 게,, 
그림에 있는 아이들에게도 나눠주더라는요!!
오~~❤︎
그리고 마지막엔 누나에게 주는 것까지 
잊지 않았답니다!!
 배려심 가득한 울 퐁포코~
완전 칭찬받아 마땅하죠~~ ?!그리고 애정 또한 넘치셨어요.
그건 나중에 애인과 해야 하는 거 아니니~~ㅋ
입으로 과자 주기 버전에~  뽀뽀세례까지~
초록 개구리가 정말 맘에 들었나 봐요~^^아무튼~~ 무튼!!
울 2호 청개구리에게 사이좋게 나눠 먹는 모습이
착하고 예쁘다며 박수갈채와 칭찬을 엄청 받았답니다.
:)...
우리 아이들의 자존감이 쑥쑥 올라가는 
소리 들리시나요!!
저흰 바른 생활습관 도우미 
블루래빗 토이북과 함께하고 있답니다.그리고 이틀 뒤로 다가왔죠!!2021. 1. 21 <목>  
밤 10시 55분
CJ오쇼핑!!
우리 아기 첫 토이북 업그레이드 풀세트를 
만나실 수 있답니다.이번엔 스마트펜과 빙글빙글 퀴즈북을 
얻을 찬스까지 혜택도 빵빵하니
본방 잊지 마시고요~^^
모바일 링크도 하나 남겨둘게요~^^도영이는 요새 호비랑 
아주 잘 놀고있어요.
덕분에 엄마표홈스쿨링도
훨씬 수월해졌는데 책을 읽으면서
스스로 바른생활습관을 가질 수 있었어요.
그럼 호비랑 함께하는
엄마표홈스쿨링 함께 보실까요?아이챌린지
엄마표홈스쿨링 스스로 바른생활습관 가져요
아이챌린지는 영유아 월령 발달에 맞춘 습관 형성 프로그램
(바른 습관 - 그림책, 놀이완구, 영상교재를 통해 
바른습관을 가지는데 큰 도움을 준다고 해요)작은 손 큰 손 책에서는
오물오물 맛있게 먹는 손
엄마를 도와주는 착한 손
장난감을 잘 찾는 손
작지만 큰 손을 표현하는 책
도영이에게도 읽어주면서
설명을 해줬어요. 
'도영이의 손은 작지만 큰 손이야
소중한 손이야' 이렇게요.
그랬더니 책을 한번 더 보더라구요.
(ㅋㅋㅋㅋ신기했어요)도영이가 요새 잘 안먹어서
정말 걱정했는데..ㅜㅜ
오물오물 내 손은 잘 먹는 손
읽어주면서 딸기를 줬더니
책을 보면서 오물오물 잘 먹더라구요.
호비를 꼭 잡고 같이 먹었어요.
유아교구로 접한 호비인형이
정말 이제 친구가 되었더라구요.
먹을때도, 놀이를 할때도
호비랑 같이 함께 해요.제가 먹으면서 호비한테 줬더니
도영이도 호비에게도 나눠주더라구요.
이렇게 나눠주는 법을
스스로 배워가더라구요. (뿌듯)
이렇게 아이챌린지와 함께
엄마표놀이를 통해서 자연스럽게
익힐 수 있어서 정말 좋더라구요.
책을 읽고 -> 행동을 보여주며
인지하고 -> 행동으로 이어지는것까지
모든 것들이 스스로 바른생활습관을 
만들어나가는 과정이더라구요.엄마 여기요!
내 손은 도와주는 손
이제 조금씩 말을 알아들어서
물건 이름을 알려주고, 행동을
보여주면서 얘기하자
기저귀, 물티슈, 수건은 조금씩
인지하더라구요. (좋아 좋아)'도영아 엄마 좀 도와주세요'
수건 가져와서 엄마한테 주세요!
엄마를 도와주는 예쁜 손!
작은 손 큰 손 책과 함께 설명하고
같이 연습해보자! 하면서
몇번 보여줬더니 바로 따라하더라구요.
이렇게 학습효과가 빠른 시기에
아이챌린지와 함께 엄마표홈스쿨링을
해서 더욱 효과가 좋은것 같았어요.
책에 호비가 등장하니 
좋아하면서 학습효과가 더욱 좋았어요.도영이는 특히 생각책을 좋아해요.
ㅋㅋㅋㅋㅋ 왜냐하면 고양이가
나오기때문이죠. 
야옹야옹 따라하기도 하고,
매번 뽀뽀를 해줄만큼 좋아한답니다:)오늘도 책을 읽어주니
고양이를 따라했어요.
살금살금 / 높이 올라가기 / 쓱쓱 등 
탐색하면서 엄청 좋아했어요.
그 중에서도 도영이가 관심 있어
하는 것이 바로바로 높이 올라가기!
평소 올라갈때면 행동을 과격하게 하는 편인데
책 중에서 살금살금 부분을 보여주면서
설명을 했더니 오늘은 조심스럽게 올라가더라구요.
그래서 앞으로도 이렇게 책을 보여주면서
설명을 꼭 해줘야겠다고 느꼈던 순간이였어요.반응도 열심히 해주고 싶어서
 '도영이 잘 올라간다!'
'진짜 빨리 올라가네!'
'조심조심해서 영차영차 올라가요.'
칭찬 가득 담긴 말로 응원을 해주니
더욱 좋아했어요. 평소에도 칭찬을 많이 
해주려고 노력하는 편인데 ㅋㅋㅋ
오늘 정말 많이 해줬더니
엄청 좋아하는 것 같더라구요.도착했습니다!!! 하고는
'엄마 도움없이
도영이가 스스로 올라갔네?'
'도영이 멋지다~~'하면서 
칭찬을 해주니 으쓱해하더라구요.
ㅋㅋㅋㅋㅋ
스스로 했을때의 뿌듯함도
가질 수 있도록 으샤으샤 해줬어요.그리고 고양이처럼 폴짝!
점프를 하고 싶어서 손을 내밀고 있어요.
하나-둘-셋 구호에 맞춰
점프를 하는데 ㅋㅋㅋ 
제 품에 쏙-안겨요! 
그럼 도영아 엄마랑 같이 놀자!
하면서 같이 놀아줬어요.
그 다음에 몇번 더 반복했답니다.
역시 놀이학습 따라갈것이 없네요.마음책에서는 안정 애착 형성!
아이의 행동에 긍정적으로
반응하고 지지하는 것을
엄마와 아이가 같이 배우는 책이에요.
요새 도영이가 행동반경이 다양해지면서
여러가지를 하는데 ㅠㅠ 그 중에서도
안돼! 그만! 하게 되는 것들이 많더라구요.
최대한 그런 말들을 안하려고 노력중인데
쉽지 않다는것..그래서 마음책을 보면서
칭찬하는 방법 / 습관을 같이 길러보도록 했어요.외출이 어려워서 ㅠㅠ
집에서 할 수 있는것을 찾았어요!
바로 미끄럼틀! 예전에는
도와줘야지 올라가던 계단을
스스로 할 수 있도록 응원했어요.
책을 보면서 
'도영아 호비가 영차영차 혼자서 잘 올라가네'
'우리도 한번 해볼까?'
영차영차 하면서 응원을 해주니
올라가기 시작했어요.중간중간에 제 반응을 살피더라구요.
엄마가 나를 잘 보고있는가?
저의 반응을 보고있다가 
무한칭찬을 해주니 엄청 좋아했어요.
이게 바로 애착형성? 열심히 반응해줬어요.짜잔! 도착했어요.ㅋㅋㅋ
지금 칭찬을 듣는 타임!!
'도영이가 호비처럼 잘 올라갔네'
'도영이 스스로도 잘하고 최고다!'
'이제 천천히 내려가볼까?'
이렇게 순차적으로 반응해주고 칭찬해주니
가만히 듣더니 만족했는지
바로 내려갈 준비를 했어요.원래는 도움을 요청하는데
오늘은 스스로 내려갔어요!
대단해!!! 정말 저도 뿌듯하더라구요.
잘했어!!!💘사실 아이챌린지를 하기 이전에는
엄마표홈스쿨링이 굉장히 거창하고,
엄청 힘든것일줄 알았는데..
이렇게 아이챌린지 책과 교구를 통해
놀이학습을 하니 굉장히 쉽고 재밌더라구요.
심지어 스스로 하는 바른생활습관이
생기면서 보채거나 찡찡거리기보다는
스스로 해결하려고 노력하더라구요.
그래서 더욱 보람을 느꼈죠.
매일매일 아이챌린지와 함께 
스스로 바른생활습관을 형성할 생각을 하니
앞으로가 엄청 기대되더라구요.
좋았어!!! 앞으로도 열심히해보자!
아 그리고 tmi이긴 하지만
많은 분들이 아이챌린지가 일본 제품이라고
오해를 한다고 해요ㅠㅠ 
아이챌린지는 교육전문기업 NE능률의
영유아 전문 교육 브랜드라는 사실!
오해없으시길 바라요🙏여튼! 이렇게 완벽하게
엄마표홈스쿨링이 가능한 아이챌린지가
CJ오쇼핑 2020년 3월 마지막 방송을
한다고 해요! 할인 혜택 + 추가 사은품까지
!아주 빵빵하다는 점!
잊지않고, 
3월 26일(목) 낮 12 35분 본방사수!
무조건 하자구요:)http://display.cjmall.com/p/mocode/M1126176‘바른 생활 건강법’ 가르치는‘기림산방’ 방장 김종수
(2000.3)
“머리는 차갑게, 발은 따뜻하게 하는 게 제일 중요합니다”
“생수가 사람 몸에 좋다고? 그건 자살약이야. 오래 살고 싶은 생각이 없으면 생수를 마시시오.”
무슨 뚱딴지 같은 소린가. 생수를 마시지 말라니. 생수의 효능은 과학적으로 입증된 것이 아닌가. 도대체 그는 무엇을 하는 사람이기에 이런 ‘도발적인 말’을 하고 다닐까.
“뭐? 전기도 들어오지 않는 두메산골에 산다고? 게다가 그곳에 건강을 지키는 산간학교까지 세웠다고? 혹시 이상한 사람 아냐?”
머릿속을 빙빙 도는 ‘생수를 마시지 마라’는 말과 ‘요즘 세상에 전기도 들어오지 않는 곳에서 산다’는 사실에 마음이 끌려 어디 한 번 만나나 보자고 생각했다.
강원도 정선군 남면 오음실마을. 산으로 둘러싸인 하늘 아래 첫 동네. 전기조차 들어오지 않는 ‘깡촌’. 보이는 것이라곤 눈이 시리도록 파란 하늘과 눈이 부시도록 새하얀 눈 옷을 입은 겨울산. 딱정벌레처럼 나지막한 화전민집 두 채. 그곳이 그 ‘이상한 사람’이 사는 곳이다.
텁수룩한 수염이 얼굴의 반을 덮은 산신령 같은 인상. 쉰을 코앞에 둔 나이. 잘 나가던 직장을 때려치우고 가족을 끌고 산 속으로 들어간 산꾼. 건강장수법이란 화두를 잡고 평생을 매달린 재야 건강박사.김종수씨(49)가 살고 있는 오음실마을에 주민이라곤 달랑 5명. 아내 현미정씨(36)와 아들 경태(11) 그리고 네 살배기 쌍둥이 딸 정하, 인하가 주민의 전부다. 그는 이곳에 기림산방(氣林山房)이란 건강수련원을 만들었다. 말 그대로 바른 기운이 숲을 이루는 집. 그는 기림산방에서 사람들의 흐트러진 마음을 바로잡고 예절을 가르친다. 이른바 ‘바른생활 건강법’.
“생수를 육각수라고 좋다고 마시지요? 그것은 죽은 물을 마시는 것입니다. 생수는 차갑기 때문에 몸을 차갑게 만들어요. 몸이 차가우면 기(氣)의 소통이 막히고 머리에 열이 나게 됩니다. 몸을 보호하고 건강하게 사는 법은 간단해요. 두한족열(頭寒足熱)! 머리는 차갑게 하고 발은 따뜻하게 만들면 됩니다. 그게 우리 조상들의 건강법이었지요. 물론 현대에도 유효한 건강법이고요. 여기에 빼놓을 수 없는 것이 바른 생활입니다. 등을 쭉 펴고 턱은 적당히 당기고 앉을 땐 아랫배에 힘을 주고…. 등이 굽으면 기(氣)가 막힙니다. 기가 막히면 소화기능에 장애를 불러옵니다.”
믿을까 말까. 의학박사 학위도 없는 사람이 권하는 건강장수법. 그러나 그의 ‘바른 생활 건강법’은 야전의 경험을 통해 입증된 산 지식이다.
그는 지난 95년 전국의 장수노인 3백여 명을 일일이 찾아다녔다. 그들을 밀착 취재한 결과 장수비법은 보약이 아니라 ‘바른 생활’에서 나온다는 것을 깨달았다.그가 장수노인들로부터 얻은 건강비법은 의외로 쉽다. 생활 속에서 조금만 노력하면 된다.
첫째. 예절을 지키라
예절을 행하면 건강한 마음을 키워준다. 물건을 어른에게 드릴 때 반드시 두 손으로 드려라. 두 손으로 드리면 배에 힘이 생긴다. 즉 예절을 행하는 순간 바로 배(단전)의 힘을 키우게 된다. 머리를 앞으로 숙여보라. 저절로 아랫배에 힘이 들어간다.
겸손과 인내는 마음을 차분하게 해준다. 차분한 마음은 여유와 집중력을 길러주고, 생각할 줄 아는 인간, 준비할 줄 아는 인간을 만든다.
둘째. 따뜻한 음식을 먹어라
장수노인들의 식사법은 간단하다. 하루 3식을 하되 부족한 듯이 먹는다. 과식은 절대 금물. 반드시 따뜻한 음식을 먹는다. 차가운 음식을 먹으면 몸이 차가워지고 머리에 열이 나서 여러 가지 질병을 일으킨다.
음식은 가리지 않고 골고루 먹는다. 짠맛 매운맛 신맛 단맛 쓴맛은 모두 우리 몸에 필요한 요소다. 음식은 정성으로 먹는다. 장수노인들의 경우 음식은 정성껏 준비하고 밥풀 하나 남기지 않고 깨끗하게 먹는다.
그리고 정해진 시간에 식사를 한다. 늦은 저녁 따스한 차 한잔은 소화를 돕고 비만도 막는다.
셋째. 발끝을 11자로 유지하라
양발이 벌어지면 기운을 잃고 피곤하게 된다. 특히 한쪽 다리에 체중을 의지하는 습관은 뼈와 근육을 기형으로 만든다. 서 있을 때는 항상 발끝을 11자로 유지하라. 팔자걸음은 건강에 좋지 않다.
넷째. 대가족 생활을 하면 오래 산다
대가족 생활은 예절뿐만 아니라 노인과 아이가 서로 기를 주고받아 건강해질 수 있다. 혼자 살면 음양조화가 깨져 병이 나기 쉽다. 독신을 고집하지 마라. 여럿이 함께 생활을 하면 대화 상대도 되고 서로 이해할 수 있는 장이 마련돼 활력을 갖게 된다.
다섯째. 허리를 곧게 펴고 앉아라
척추가 바로 서면 척추 부위를 통과하는 독맥의 기가 소통된다. 고개를 세우지 않으면 대추혈이 막히고 허리를 굽히면 명문혈이 막힌다. 고개와 허리를 바로세우고 앉음으로써 경락을 뚫어주어야 한다.
여섯째. 장수엔 낮은 베개가 좋다
낮은 베개를 사용하면 굽은 등이 펴지고 기순환이 잘된다. 피로회복에는 침대보다 온돌방이 효과적이다. 가능하면 온돌방에서 자라. 일찍 자고 일찍 일어나면 머리가 맑아진다. 장수노인들 대부분은 낮은 베개를 베고 있으며 일찍 자고 일찍 일어나는 습관이 몸에 배어 있다.
일곱째. 죽는 날까지 일하라
적당한 일은 소화를 돕고 노화를 막는다. 장수노인들은 스스로 일거리를 찾아 마무리까지 깨끗하게 처리한다. 정년퇴직했다고 일을 놓지 마라. 작은 일이라도 찾아서 노동과 보람을 만끽해야 오래 살 수 있다.
여덟째. 존댓말을 하면 오래 산다
장수노인들은 존댓말을 일상화한다. 부부끼리 식구끼리 존댓말을 사용한다. 반말은 조급함과 객기를 만든다.
‘엄마’라고 부르면 배에 힘이 가지 않지만 ‘어머니’하고 부르면 아랫배에 힘이 가 단전 효과도 있다. 가족끼리 경어 쓰는 습관을 길러라.
아홉째. 목욕을 자주 하지 마라
장수노인들은 목욕을 자주 하지 않는다. 도시인들처럼 매일 샤워하는 것은 바람직하지 않다. 따뜻한 물에 목욕할 땐 심장과 폐 부위가 물 밖으로 나오게 하라.
열째. 차분한 마음과 여유를 가져라
급한 마음, 방심, 객기 등은 사고와 불행을 부른다. 모든 일에 여유를 가져라. 여유를 갖기 위해서는 따뜻한 차를 많이 마셔라.
열한 번째. 집안에 ‘자연’을 심어라
집안에 식물을 심으면 피로를 잊게 한다. 아파트에는 특히 식물을 많이 들여놓아야 한다. 집안에 어항이 있으면 신경질이 사라진다.
열두 번째. 배가 따뜻해야 잔병이 없다
배가 차가우면 배탈과 설사 등을 일으킨다. 찬 음식은 장수의 적이다. 특히 요즘 유행하는 배꼽티는 배를 차갑게 하여 건강에 좋지 않다.
누구나 알 것 같은 건강상식들이다. 기림산방에서는 거창한 건강비법을 가르쳐주지 않는다. 생활자세 교정, 예절 갖추기, 노동 등 초등학교 <바른 생활> 수준이 전부다. 이런 ‘하찮은’ 건강법을 배우러 오는 사람들이 있을까. 그것도 돈까지 내가면서. 그러나 이미 기림산방을 다녀간 사람만 2천5백여 명에 달한다. 직장인, 학생, 주부, 교수, 성직자 등 각계각층의 사람들이 왔다갔다.
단골고객은 주위가 산만한 학생들. 그는 정신교육과 육체노동 그리고 자세교정을 통해 인내력과 집중력을 키운다. 전자오락에 미친 학생들, 공부에 취미없는 학생들을 방학동안에 집중 훈련시켜 대학에 입학시킨 경우도 수두룩하다.
기림산방(전화 0398-591-5469)에는 교육프로그램도 강의 시간도 따로 없다. 김씨 가족과 수련생들이 함께 생활하는 것이 교육이다. 대부분 4박5일 머물다 가지만 아예 짐을 싸들고 와서 장기체류하기도 한다. 처음에는 차 마시는 법부터 가르친다. 따뜻한 차를 마시면 몸이 따뜻해지고 마음이 차분해진다. 하루 10여 잔은 기본. 다음은 앉는 자세, 걸음걸이, 묵언(默言) 그리고 기체조 등으로 심신을 단련한다.
“병이란 갑자기 생기는 것이 아닙니다. 이제까지 살아온 말과 행동 등 생활습관이 만드는 것입니다. 사람들은 병만 치료하려고 하지요. 하지만 병을 치료하면 무엇합니까. 잘못된 생활습관은 다시 병을 만듭니다. 병을 치료하고 예방하려면 생활습관부터 고쳐야 합니다.”굿럭! 쟈쓔민입니다.
작년부터 신경쓰이기 시작한
소중한 나의 발원래 나름 보송한 발이였는데
몸이 건조하고 샌들 막 신고다니다 보니까
여름부터 발 뒷굼치에 각질이 생기더라구요.
풋크림도 바르고 ㅋㅋ 
조금 게으르게 발 관리하고 있는데..
이런 고민을 해결해줄
바른생활 발뒤꿈치 패드 받아보았습니다.
양말처럼 신기만 하면 되는 제품
내 발각질이 없어지길 바라며...바른 생활 발뒤꿈치 패드는
에센셜 오일이 함유된 패드로
발 뒤굼치를 부드럽게 케어할 수 있어요.
로즈힙오일/호호바씨오일/포도씨오일/비타민E
식물유래 원료를 사용하여
 안심하고 사용할 수 있어요.이렇게 양말처럼 신고만 있으면 된다고 합니다.
퇴근하고 샤워하고 나서 신고있으려고 해요.바디보감의 바른생활 발뒤꿈치패드
각질을 잘못 제거하면 오히려
발 각질이 더 두꺼워질 수 있다고 하니까
관리를 잘해야 할것 같아요.양말안쪽으로는 이렇게 실리콘패드가 있어요.
신으면 말랑말랑 촉촉한 느낌이 들어요.
가끔 풋크림 바르는것도 귀찮을때가 있는데
간편하게 양말패드만 신고있으면 돼요.
나같은 귀차니즘들은 딱이구만요.촉촉한 실리콘 패드
신고 집에서 움직여봤는데
말리는것도 없고 거의 양말이랑 똑같더라구요.
이 위에 양말 덧신어도 되지만 
그냥 이거만 신고 있어도 괜찮았어요.발 각질이 고민된다면!
발뒤꿈치 관리를 위한
발뒤꿈치패드 사용해보세요.
실리콘패드에 있는 오일이 
발 뒤꿈치를 촉촉하게
부드럽게 케어해줍니다.
끄덕거리던 발바닥은 안뇽~#바디보감 #발뒤꿈치패드 
#바른생활발뒤꿈치패드
#발각질제거 #발뒤꿈치
바디보감 공식몰에서 살 수 있어요.
지금은 3개사면 1개 더 주는 이벤트☆집에서 건강하게 챙겨먹고있는 오토끼입니당.ㅎㅎ
요즘 몸생각을 하면서 
집에서 잘 챙겨먹고있는데요.
이번에 먹어본 바른생활교육원 
야채가루 건강분말은
9종과채 모두 100% 국내산 유기농 원물로
만들어졌는데요.
그래서 그런지 제품 품질이 좋아서
넘나 맛있더라구요~물에 넣어도 잘 녹았던  야채가루.
바로 소개해드릴게요~빠른 배송으로 도착했던 야채가루.
동결건조로 만들어서 영양손실이 최소화되고,
녹즙과 달리 식이섬유가 살아있어
영양소의 흡수가 느려 간에 무리를 주지 않는데요.
식이섬유와 흡수속도를 위해
원가가 비싼 동결건조 방식이 중요하다고 해요.
급속동결을 해 낮은 압력과 낮은 열로
식이섬유, 비타민 같이 열에 약한
영양소도 보존할 수 있다고 하더라구용.계량스푼도 보내주셔서 먹기가 편했는데요.
한 스푼에 5g인데 양이 상당하더라구요.
5g이면 생 야채 200g정도를 섭취하는 건데용.
15g이면 생야채 600g을 먹는것과 같아서
하루 야채 섭취량이 확 늘더라구요~
분말은 생야채보다 영양소 흡수율이 3~4배 이상이
된다고 해서 생야채를 드시기 힘드신 
분들은 야채가루를 드시는게 좋겠더라구요~그리고 프린트된 종이가 있어서 봤더니
유기농 야채분말의 효과적인 섭취법이 설명되어있어서
읽어보기 좋더라구요~유기농 야채가루는 300g,500g으로 판매되고 있는데요,
요렇게 지퍼백으로 되어있어서 먹기 편하더라구용.
섭취방법은 매끼 식사전 공복에 마시는게 좋지만,
아침대용이나 식사대용으로 드시는것도 좋아요~열어보니 푸릇푸릇한
 색감의 야채가루가 보였어요.
야채가루는 브로콜리, 밀감, 샐러리,
양배추, 신선초, 시금치, 밀싹, 당근, 케일
총 9가지로 다양한 원물들이
모두 국내산 유기농야채로 만들어졌어용.
그래서인지 그냥 물에 타서 마셔도
전 괜찮더라구요~함께온 계량스푼으로 가득 떠본 야채가루.
생각보다 양이 상당히 많더라구용.물대신 평소에 즐겨먹는 코코넛워터를 준비했어용.미니믹서기에 야채가루와 코코넛워터를 넣고
갈아마시려고 했는데요.
넣자마자 조금씩 녹아내리더라구요~스르륵 내려오면서 잘 섞이는 야채가루.몇 번 흔드니까 잘 섞였던 야채가루.
그냥 마셔도 전 맛있게 마셨어요~한번에 믹서기에 갈아도 되는데,
저는 야채가루를 코코넛워터에 먼저 타두고,
냉동 망고를 입자가 있게 갈아서
따로 부어줬어용. 그리고 잘 섞이도록 섞어줍니다.잘 석어주면 은은한 연두색으로 변하는데요.
올리고당을 넣지 않아도
냉동 망고가 충분히 달아서
넘나 맛있더라구요~
바쁜 아침에 물, 야채가루, 냉동망고나 
다른 냉동과일을 갈아서 마시고가면 좋을 것 같아용.ㅎㅎ
저녁에 식사대용으로 먹으려면
믹서기에 간 야채가루 스무디와
두부나 샐러드, 닭가슴살같은 단백질을 먹음 
한 끼로 완전 딱일 것 같아요.제가 즐겨먹는 요거트입니당.
요기에 티스푼으로 야채가루 1스푼을 넣어서 
섞어먹어용.야채가루를 잘 섞어준 요거트는
요거트에 단 맛이 있어서 넘나 맛있는데용.
요기에 하루견과를 넣어서 먹어도 좋아요~다가오는 여름 식사대용으로 
다이어트에도 도움이 되는 야채가루!
요리에 조미료처럼 넣으면 감칠맛도 나고
저처럼 스무디를 만들어서 드셔도 좋아요~
요기에 몸에 좋은 유기농 야채분말이 있어요~
https://smartstore.naver.com/right_life/products/4630836783안녕하세요
요즘은 노트에 개념 단권화 중인데
그동안 타이핑으로 하다가 노트에 하니까 노트에 쓰니까
확실히 머리에 더 잘 들어오네요
전 아날로그 타입인것 같습니다 ㅋㅋ
암튼 노트를 쓰다보니 중철 노트가 쓰기 편한 것 같아
중철노트를 검색하던중..
임용을 준비하는 저에게 딱 알맞는 디자인이 있어서 주문했습니다 ㅋㅋ추억의 슬생, 바생, 즐생 ㅋㅋㅋㅋㅋ이제는 봄, 여름, 가을, 겨울로 교과서가 구성되어있더라고요.... 
도대체 뭘 배우는지 교과서 이름만으로는 감이 안잡히네요 ㅋㅋㅋㅋ내 기억속의 교과서..... ㅠ 지금보니 엄청 촌스럽다....
잼민이 시절 그리 오래전도 아닌거같은데,, 쩝우리들은 1학년에서 종이로 만드는 옷입히기 하던 것도 기억나는데....
즐생은 음미체, 슬생은 뭐배웠는지 기억 안나고.... 바생은 도덕이었던 기억이 ㅋㅋ
슬생에서 뭐배웠는지 기억나시는 동년배 분께서는 댓글로 알려주세용....ㅎㅎ이건 산건 아니구 덤으로 넣어주셨어요!
뱃지인데 ㅋㅋㅋㅋㅋ 어디다 쓸줄 몰라 보관중입니다...
위에 바른생활 스티커는 직장인이 되면 쓰려고 합니다 ㅋㅋ이건 바른생활 스티커에요!
같이 주문했는데 맘에 드네요! 엄청 큼직해요 ㅋㅋ이렇게 눈에 잘 띄는 곳에 붙여두었습니다 ㅋㅋㅋ정말 중요한 공책!
사실 이게 메인인데 가장 마지막에 설명하는군용ㅋㅋㅋㅋ
저는 보통 공책 사이즈를 생각했는데
열어보고 너무 작아서 깜짝 놀랐어요 ㅠㅠ
미니노트 수준인데 어디에도 '미니'라고 써있지 않아서 그냥 주문해버린 ㅠㅠ.....
보통 이런 공책은 이름부터 <미니>라고 써놓는데 말이죠....
사실 가격도 한 권당 2500원이나 해서 미니라고는 생각도 못했는데 좀 실망했어요 ㅠㅠ
A4 반절 접은 크기입니다 ㅠㅠ그래도 디자인이 맘에들기도 하고....
어쩌겠어요.. 그냥 써야죠! ㅋㅋㅋ내부는 이렇게 7mm 줄공책입니다!
종이도 도톰하고 좋아서 만족합니다.....!마지막으로 주문한 바른생활 메모지 -가을 버전이에요!
이것도 그냥 산김에 이것저것 끼워샀는데
짜피 5만원부터인가 배송비 무료인데 뭘 이렇게 끼워샀나 싶네요 ㅋㅋㅋ
이건 디자인이 맘에들어서 샀습니다!
공간이 많아서 글씨도 잘 보이고 좋아요!노트가 일반 중고노트 수준으로 크게 나오면 더 좋았겠다는 생각입니다!!
가격도 조금 비싸지 않나... 생각도 듭니다!
그럼 이만 다음 언박싱으로 돌아올게용!@ 2020년 다이어리 / 바른생활 다이어리 공책,스티커는 덤ㅋㅋ
오랜만에 문구쇼핑 했지열 올해는 바른생활 다이어리 !
해피 뉴 이어!!!!!!!!!!!!!!!
ㅋㅋㅋㅋㅋㅋㅋㅋㅋㅋㅋㅋㅋㅋㅋㅋㅋㅋㅋㅋㅋㅋㅋㅋㅋㅋㅋㅋㅋㅋㅋ
스타벅스 다이어리 쓰려고 했는데
사고 싶은 다이어리가 생겨서 올해도 스타벅스 다이어리는 안녕-
여행 가기전에 아트박스 갔다가 보고 사야지!!!!!! 해놓고
다녀와서 한참 뒤에 샀다
그랬더니
그 사이 반값이 돼부렀넹? 개이득! ㅋㅋㅋㅋㅋㅋ
6000원!!바른생활 다이어리 사는 김에 스티커랑 즐거운생활 공책도 샀는데
결론적으론 다이어리가 제일 마음에 듦ㅋ
겁나 늦은감이 있지만
그래도 후기 남김 연말에 중요한 것 중 하나가
바로 새해 다이어리 고르는 것인디
올해는 바른생활 다이어리로 선택!!
내가 딱 !
이 교과서 세대라구요 ㅋ_ㅋ
슬기로운생활 이런 거 ㅋㅋㅋㅋㅋㅋㅋ
추억돋게 사봤당
몇 년 전에 바른생활 스티커에 빠져서
잔뜩 샀었는데 애낀다고 쓰지도 않고 뒀다가 없어졌다
아끼다 똥 됨
을
깨닫고 그러지 않기로 팍팍 쓰고 있당
이번에도 팍팍 쓸 거야!!!!바른 생활 다이어리 
표지를 한 개 더 준다
쥐띠 해라고 쥐 모자 쓰고 있는가 봄
나는 쥐 안 좋아하는데 말이쥐!바른생활 다이어리 첫장다음엔
2020 / 2021 달력
2010년 될 때 되게 소름 돋았는데
벌써 2020이라니... 참나ㅜㅜ그리고 다음 장엔
일년 일정표 - 귀요운 그림도 쏙쏙 들어 있고 ㅋㅋ 2019년 12월부터 시작 -
12월부터 사라는 뜻? ㅋㅋㅋㅋㅋㅋㅋ
나는 원래 쓰던 다이어리가 있어서 12월부터 있는 다이어리는 별로다
비우기도 그렇고 또 똑같이 쓰기도 그렇고
원래 쓰던 다이어리에 안 쓰기도 그렇고
암튼 별로다 고생했다 십구년아
왜 욕같냐 ㅋㅋㅋㅋ
튼
고생했습니다 십구년1월 달
오늘 개시해서 아직 텅텅 ㅋㅋㅋ
1월 다 끝나 가는 구만 ㅜㅜㅜ
새해가 밝았찍!
쥐를 잡자 쥐를 잡자 찍찍찍 ? 위클리는 이렇게 생겼습니당
역시나 초반에만 잠깐 쓰고 안 써서
칸이 작아서 만족 ㅋㅋㅋ옆엔 프리노트 
먼슬리-위클리-먼슬리-위클리 
이런 구성이고
위클리 옆 쪽엔 프리노트가 있음
그냥 프리노트만 뒷장에 따로 해주지 ㅜㅜ
위클리 제대로 안 쓰니깐 프리노트 부분 쓰는 게 좀 어중간함 
구성은 대체적으로 나한텐 마음에 안 든당 
그림체랑 디자인은  참 마음에 드는데!! ㅜㅜ월마다 먼슬리, 위클리 아래에 겁나 귀여운 그림이 있음 ㅋㅋㅋㅋㅋ밖은 위험하다 
붕어빵 먹고 있엉 ㅋㅋㅋㅋㅋㅋㅋ 졸귀얘도 붕어빵 먹고 있네 ㅋㅋㅋㅋㅋㅋㅋㅋㅋㅋㅋ
귀여움미안하다 지갑아 
ㅋㅋㅋㅋㅋㅋㅋㅋㅋㅋㅋㅋㅋㅋ올해도
글렀구나-
ㅋㅋㅋㅋㅋㅋ 진짜 글렀구나ㅜㅜ
어제 오늘 너무 많이 먹어서 지금도 배가 너무 빵빵해서 잠을 못 자고 있지그리고 뒷 장에 그림일기장 쓰는 것도 있당
나 어렸을 때 그림일기장이랑 정말 똑같당
그걸 노리고 만든 거겠지~
그림 못 그려서 내가 제일 싫어했던 일기장 ㅋ_ㅋ
여행 사진이나 붙여두려고 생각 중 ㅋㅋㅋㅋㅋ 문구 후기 보면 이런 사진 한장 쯤은 있길래
나도 ㅋㅋㅋㅋㅋㅋㅋㅋㅋㅋ
이렇게 쫙쫙 잘 펴집니다맨 뒷장에
내 정보 쓰는 곳
마지막 장까지 귀염돋는 바른생활 다이어리
올해도 예뿌게 써 보겠습니당 !배송비 내는 김에 스티커도 몇 장 샀구용야구 하는 저 스티커 너무 귀엽당 ㅋㅋㅋㅋㅋㅋ
스티커 하나에 2장씩 
다른 디자인으로 들어 있는데 
할인 받아서 하나에 2700원인가 주고 샀는데
정가는 3천원이다 
솔직히 3천원이나 할 정돈 아닌 듯 싶다
요즘 문구 쇼핑을 잘 안해서 그런가 물가가 이렇게나 올랐다고요 ??? 
스티커도 커서 이번에 산 바른생활 다이어리 먼슬리칸에 붙이긴 좀 어려움
칸 다 침범하고 난리난당 
위클리나 프리노트에 써야 되는데 
난 먼슬리에 붙일 생각이었눈뎅
힝
그래도 귀여우니 어디든 붙일 데가 있겠지요 ㅋㅋㅋㅋ즐거운 생활 공책
추억 돋는 김에 공책도 사봤지여 ㅋㅋㅋㅋㅋ
원래 열공하고 있는 그림 사고 싶었는데
그건 품절이라서 못 삼 ㅜㅜ 노트가 작아서 그런지
줄 간격도 좁은 편
내가 딱! 좋아하는 줄 간격임 ㅋㅋㅋㅋㅋ
근데 이 것도 한 권에 2500원이라니ㄷㄷㄷ
디자인값 넘나 비싼 것!!!오랜만에 즐거운 문구쇼핑이었습니당!
2020년 새 다이어이에 좋은 것들만 쓸 수 있도록 
파이팅 !!!!!!!!!!!!!!!! 
다음은 펜 쇼핑을 해볼까 합니다
심 0.28mm 쓰고 있는데
쓰다 보면 잉크가 줄줄 나와서 그런지 두꺼워지는데
이 것 보다 더 얇은 좋은 펜 있으면 추천 해주세요 !!!!!!!!!!! 
그리고 너무 늦어서 받으려는 분이 계실지 모르겠지만.. ㅋㅋㅋ
곧 남은 스타벅스 다이어리 나눔 이벤트 할 게용 !!!!!!!!!!!!!!
뿅!집에 있는 우산들은 상태가 다들 메롱,
편의점에서 급하게 산 비닐 우산,
다있쏘에서 산 헐렁거리는 싸구려 우산,
말 그래도 개판인 것들 뿐이다.
튼튼한 게 딱 하나 있는데,
그건 대형 장우산이라서
애매한 날에는 가져다니기가 부담스럽다.
그래서 가방에 넣을 수 있는
접이식 우산이면서도
튼튼한우산을 하나 사고 싶었다.그렇게 오늘 소개하게 된 튼튼한우산은
바른생활백서 라는 곳에서 판매하고 있는
3단자동우산이다.나는 남자이기 때문에
너무 작은, 마치 양산 같은 우산은 싫었고,
사이즈가 어느정도 컸으면 바랬는데,
바른생활백서 3단자동우산은
펼쳤을 때 크기가 대형 우산과 맞먹어
나같은 남자가 사용해주기 좋은 우산이었다.
혹은 커플처럼 둘이 같이 쓰기에도 좋은
넉넉한 사이즈라고 이야기 할 수도 있겠다.펼쳤을 때 지름은 102cm로
182cm에 평균체형인 내가 썼을 때
이정도 사이즈감을 보여주었다.
나에게도 굉장히 여유로운 모습이다.접었을 때에는 35cm 크기로 작아지는데,
내가 들고 있는 모습을 보면
어느정도 사이즈인 지
대략적으로 파악이 될 거라 생각한다.
양산처럼 진~짜 작진 않지만,
그래도 가방에 넣어다니기에는 무리없는
3단으로 접히는 우산이었다.3단자동우산이라는 이름처럼
자동버튼을 누르기면 하면
자도응로 접었다 펼쳤다 할 수 있는데,
이게 의외로 꿀 같은 기능이라는 건
한 번이라도 써본 사람들은 잘 알거다.특히나 접을 때 자동으로 탁 접어
물기를 우선적으로 털어낸 후
우산을 정리할 수 있기에 더 좋다.3단자동우산들 중에서도
분명히 저렴한 라인도 존재할 거라 생각한다.
나는 조금 돈을 주고서라도
제대로 만들어진 튼튼한우산을 사고 싶어
고른 것이 바로 이 바른생활백서 우산이라
전체적인 퀄리티는 높은 편에 속했다.일단 손잡이 부분은 우드 소재를 사용해
고급스러움을 느낄 수 있었는데,
색상도 차분해서 좋았다.
자칫 올드해보일 수 있는 나무 소재지만,
원단의 색상이 촌스럽지 않아
전체적으로 촌스럽지 않은
멋진 디자인으로 완성된 듯 하다.내가 소개하고 있는 3단자동우산의 색상은 그레이.
바른생활백서에는 이 색 이외에도
가장 기본 심플인 블랙,
청량한 네이비, 진득한 와인컬러가 있어
총 4가지 단색 컬러가 준비되어있고,
체크 무늬로는 블랙과 화이트가 있어서
취향에 맞게 고를 수 있는 점 또한 좋아보인다.살대 안 쪽을 살펴보니 뭔가 복잡하다.
기존에 봐왔던 싸구려 우산들과는 달리
뭔가 되게 디테일이 살아있는 느낌이었다.살대와 우산을 고정해놓은 부위도 있어
사용 중 살대가 이탈할 염려가 없을 것 같고,
상단 캡과 우산 끝을 잡아주는 쇠부분에서도
튼튼한 내구성이 느껴졌다.전체적으로 퀄리티가 어느정도 있어보이는
프리미엄 3단자동우산이다보니,
답례품으로 준비하는 것도 괜찮겠다는 생각이 든다.
혹은 지인에게 간단한 선물용으로도 괜찮아 보이고.총 무게는 약 475g으로
장우산처럼 막 그렇게 무겁진 않은 편이다.
들었을 때 미세한 묵직함이 느껴질 정도라
누가 써도 부담가진 않을 것 같다.가격은 15,800원으로 합리적이라는 생각이다.
혹시라도 관심이 간다면,
아래에 남겨놓는 링크로 가서 구경해보자.
조금 더 저렴한 3단자동우산과
장우산도 준비되어있으니 참고하시길.
바른생활백서 스마트스토어 바로가기
#튼튼한우산 #바른생활백서