﻿1월중에 시작했던 어쌔신크리드 신디케이트를 이제서야 엔딩을 보았습니다 집중해서 플레이했다면 한달정도면 충분했을것 같은데 4개의 게임을 돌려가면서 플레이하다보니 6개월이나 걸렸습니다2015년에 플레이스테이션4로 발매되었으며 역시 이 게임도 예약구매를 했습니다 어쌔신크리드시리즈는 일단 덮어놓고 구매를 하는지라...이번 작품의 배경은 19세기 빅토리아 시대의 영국 런던이 배경이고 주인공은 제이콥 프라이와 이비 프라이 남매를 조작하게 됩니다 임무수행중이 아니라면 수시로 조작 캐릭터를 변경할 수 있었습니다 서로다른 가치관으로 투닥투닥하지만 그래도 사이좋은 남매랍니다이번 작에 새롭게 생긴 집라인과 휘파람등으로 이번작은 플레이가 참 쾌적했습니다 다시말하자만 전작과 아니 그 이전의 이전 작과 조작법은 별 다를것이 없기에 무리없이 플레이가 가능했고 스토리도 가볍고 해서 편안하게 플레이했습니다시리즈 전통이랄까 주인공의 조력자로 실존 인물들의 등장하는데 이번 작에도 찰스 다윈부터 다양한 실존 인물들이 등장합니다전작 유니티처럼 각종 살인 사건을 해결하기도 하는 이번에도 역시 공략의 도움으로 한번 실수없이 법인 검거~!!예전부터 시리즈가 대항해시대, 미국독립전쟁, 프랑스대혁명 순으로 진행되서 언젠가는 1,2차세계대전도 나오겠다라는 흐믓한 상상도 했었으나 그것은 단순한 의망을 끝났으니...다음 작은 고대이집트, 그 다음은 그리스, 그다음은 바이킹... 
그래도 잠깐이나마 제이콥의 손녀 리디아를 조작하여 1차세계대전 시대도 경험할 수 이었습니다 그래봤다 껍데기만 다른거라....   메인 스토리를 다 마치면 여왕님이 임무를 더 주는데 이건 귀찮아서 패스했답니다 숨겨진 보물이나 수집품들도 잘 모으다가 역시 귀찮아서 중도 포기했습니다이번에도 현대시대가 간간히 등장하는데 이번에는 영상만 보여주더군요 개인적으로 처음부터 이렇게 해주었으면 좋지않았을까 생각했습니다 매 시리즈 귀찮았습니다 아주많이....
아무튼 이렇게 어쌔신크리드 신디케이트는 끝이 났습니다 언제가 될지 모르지만 다음에 이어서 플레이할 게임은 삼국지13을 생각하고 있습니다 그런데 삼국지14도 기다리고 있어(거기다 토탈워 삼국도...) 아주 가볍게 플레이하고 넘어가볼 생각입니다156번째 플래티넘 트로피 어쌔신크리드 신디케이트
플래티넘은 쉬운 편입니다! 미리 트로피 훑어보고 미션할때 마차로 가로등 다 부수고 다니고 수집품도 중간중간 모으고 다녔어요. 그렇게 했더니 5000개 파괴트로피는 작업하고 10분도 안걸려서 땄어요
메인미션 동기화 100%는 중간에 마차로 애터웨이 양의 마부 잡기? 그 미션 빼고는 다 쉬웠어요
자꾸 미션 시작하자마자 실패떠서 검색해서 우측으로 돌아가라고 해서 우측으로 돌아가면서 계속 시도해서 겨우 깼네요
어크 시리즈에선 비교적 최신작이고, 순서는 신디-오리진-오디세이-발할라
제일 큰 장점이자 특징은 시리즈 최초로 더블 주인공 시스템입니다 (쌍둥이 남매 - 이비 프라이, 제이콥 프라이)
오디세이때 DLC로 이비 프라이 부관을 줬었는데 그때부터 신디케이트 해봐야지 생각만 하고 있다가 이제야 엔딩 봤네요 ㅎㅎ
스토리에서 제이콥하고 이비 성격이 정말 극단적으로 다른게 보여서 그 차이가 재밌었어요
제이콥으로만 할 수 있는 미션, 이비로만 할 수 있는 미션이 따로따로 있고요
신디케이트가 어크 내에서도 호불호가 많이 갈리는 게임으로 알고 있는데
실제로 해보니까 제가 지금까지 해본 어크 중에선 제일 재미가 없긴 하더라고요
(2 브후, 2 레벨, 4 블랙플래그, 오디세이, 신디 순으로 함)
이유론 베는 맛의 부재, 스토리에 몰입감 없음, 제이콥이라는 발암주인공, 심한 반복미션, 묵직하고 답답한 조작감 정도
물론 장점도 있어서 높은 런던 도시의 재현율, 실제 영국의 역사적 인물들이랑 엮이는 DLC들, 어크 최초 여주인공, 벽 기어오를 필요 없는 집라인, 갱단을 이용한 집단싸움 등 나름 신선한 부분들도 있어서 망작까지라고 생각하진 않지만
그래도 어크 시리즈 중 입문으로 하실 작품을 찾으신다면 절대로 비추합니다..!;;
제일 큰 이유로 스토리가 미묘해요.. 주관적인 의견이지만 시간에 쫓겨서 급하게 만든 것 같은 느낌을 받았습니다. 그리고 본편보단 DLC 스토리가 조금 더 나아요제이콥 전멸모션이비 전멸모션
신디케이트에는 전멸이라는 시스템이 있는데 빈사상태인 적 여러명이 있을시에 이런식으로 특수모션이 뜨면서 여러 적을 한꺼번에 정리할수 있습니다
사족이지만 칼보다 격투가 좀 더 손맛이 좋더라고요스토리는 성격이 안 맞는 두 쌍둥이 남매가 런던에 와서 템플러를 몰아내기 위해 각각 움직이는 내용인데
말싸움 잦고 각개행동 하던 으르렁거리다가도 공동의 적이 생기면 합이 척척 맞아서 똘똘 뭉치는 부분이 현실남매 찐텐이라 그저 웃겼습니다 ㅋㅋ흉악한 범죄 DLC는 셜록 홈즈 시리즈가 생각나는 부분도 있었어요
매의 눈으로 단서를 모으고, 용의자를 심문하고, 현장을 돌아다니면서 모인 단서를 조합해서 범인을 추리하는 내용인데 꽤 재밌었습니다사고칠때마다 아 제발 좀;; 또 제이콥이냐고 싶었는데
그래도 자유분방하게 행동하는 모습이 나름 매력적이었던 주인공도시 여기저기에 춤추는 사람들, 잔디밭에 누워서 밀어를 속삭이는 연인, 아이들에게 책 읽어주는 아빠.. 이렇게 도시 구석구석 세세하게 사람들이 움직이고 있어서 이런 점도 볼거리였어요1차 세계대전
짧고 해볼만한 미션이었네요크라임 신디케이트Crime Syndicate는 옳고 그름이라는 개념이 전혀 존재하지 않고 오로지 힘만이 정의인 세계, 어스-3Earth-3의 포악한 지배자였다. 수수께끼의 존재(안티-모니터Anti-Monitor)의 공격으로 행성 대부분이 잿더미로 변하자 크라임 신디케이트Crime Syndicate는 자신들이 지배할 새 행성을 찾기 시작했다.크라임 신디케이트Crime Syndicate는 어스-1Earth-1에 눈독을 들였다. 두 멤버(아토미카Atomica와 아웃사이더Outsider)가 먼저 도착해 시크릿 소사이어티 오브 슈퍼-빌런즈Secret Society of Super-Villains를 모으고 그들과 함께 저스티스 리그Justice League를 약화시킬 기반을 꾸미면서 나머지가 도착할 때를 대비해 기반을 다졌다.판도라의 상자Pandora's Box를 손에 넣은 아웃사이더Outsider는 그것을 사용해 두 지구를 잇는 차원문을 열었고, 그렇게 짧은 공포의 치세가 시작되었다. 크라임 신디케이트Crime Syndicate는 이 기간 동안 어스-1Earth-1의 여러 히어로들을 살해했다.파워 링Power Ring, 아웃사이더Outsider, 아토미카Atomica, 조니 퀵Johnny Quick은 새로운 저스티스 리그Justice League 그리고 시크릿 소사이어티Secret Society를 배신한 여러 빌런들의 연합 부대와의 싸움에서 목숨을 잃었다.최후의 결전이 막을 내렸을 때 나머지 크라임 신디케이트Crime Syndicate는 멤버들은 죽거나 뿔뿔이 흩어졌다. 전투 도중에 어스-3Earth-3의 샤잠SHAZAM!(구속되어 있던 알렉산더 루터Alexander Luthor)이 풀려났지만, 나중에 어스-1Earth-1의 렉스 루터Lex Luthor 손에 죽었다.씨 킹Sea King은 어스-1Earth-1로 오는 도중 죽은 듯했지만, 데드맨Deadman의 숙주가 되어 잠시 다시 살아났다. 울트라맨Ultraman, 임신한 슈퍼우먼Superwoman 그리고 아울맨Owlman은 감금되거나 실종되었다. 그리드Grid는 파괴되었고 파워 링Power Ring이 가진 볼툼Volthoom의 반지는 새로운 숙주, 제시카 크루즈Jessica Cruz를 찾아 냈다.반지는 크루즈Jessica Cruz를 이용해 사이보그Cyborg를 재료로 그리드Grid를 만들었다. 크루즈Jessica Cruz와 사이보그Cyborg는 감옥에 갇힌 슈퍼우먼Superwoman을 방문했고, 아울맨Owlman은 울트라맨Ultraman을 감옥에서 꺼낼 계획을 가지고 다시 등장했으며, 저스티스 리그 오브 아메리카Justice League of America와 함께 안티-모니터Anti-Monitor에 맞서 싸웠다.저스티스 리그 오브 아메리카 #29~30(2014년 8월~9월) 
크라임 신디케이트는 새로운 도전에 눈을 돌리지만 과욕을 부려 저스티스 리그와 저스티스 소사이어티 오브 아메리카를 동시에 잡으려다 모두 놓지고 말았다.JLA Vol.1 #107~114(2004년 12월~2005년 7월) 
반물질 우주 버전의 크라임 신디케이트가 지구를 침공한다. 이로 인해 위험한 외계 종족 쿼드인도 지구에 주목하게 된다.JLA Vol.2 #50~53(2010년 12월~2011년 3월) 
크라임 신디케이트는 무시무시한 오메가 맨과 싸우기 위해 마지못해 JLA와 손을 잡는다. 그때 아울맨이 JLA를 배신한다. 이것을 예상하고 있던 배트맨은 렉스 루터를 부활시키기 위한 계획을 수립한다.안녕하세요. 가레나입니다.
패스오브엑자일은 매시즌 마다 새로운 컨텐츠를 추가하고 있는데요. 그러다보니 컨텐츠가 너무 많아 처음 접하는 엑린이분들은 공부할게 너무 많아 힘들다는 하소연을 하곤합니다. 저도 군단리그때 처음 POE를 접하고 배울게 너무 많아 포기하고 맵핑만 했던 때가 있었습니다. 
하지만 POE는 흔히 하는 말로 '아는 만큼 벌수 있는 게임'이라고 할 정도로 알면 아는 만큼 많은 화폐를 모을 수 있는 게임입니다. 컨텐츠 중에는 군단,역병, 그리고 변형보스 등과 같이 맵핑하면서 자연스럽게 진행하는 컨텐츠도 있지만 신디케이트나 알바같이 기본적인 지식이 필요한 컨텐츠도 있는데요. 저는 확률에 의존해야 하는 알바보단 어느정도 통제가 가능한 신디케이트를 선호하는 편입니다. 그리고 신디케이트는 맵핑하면서 장막의 대가 준의 부가임무를 적극적으로 활용해 필요한 곳에 사용할 수도 있고 공홈카페나 거래창을 이용해 팔수도 있습니다. 
저는 보통 보리치,달아난 그것,토라는 연구에 키메리아는 수송이나 조정에, 힐록은 수송이나, 방어에 두는 걸 목표로 심문이나 승급을 시키곤 하는데요. 얼마  전에 운이 따라줘서 토라, 보리치, 달아난그것 모두 3성으로 안전가옥을 열게 되었습니다.
모르시는 분들을 위해 설명드리면
토라는 3성은 스킬젬의 경험치 2억,보리치는 연구3성은 흰색홈1-3개, 달아난 그것은 균열석을 순수한 균열석으로 업그레이드 시킬 수 있고 부서의 조장인 경우 보관함이 2개가 되어 두번의 보상을 받을 수 있습니다.
이번 조사는 조장 토라3성연구기 때문에 2개, 보리치3성,그리고 달아난 그것3성으로 균열석 업글레이드 이렇게 보상이 되는거죠.
직접 사용할 수 도 있지만 필요가 없어 패스오브엑자일 공식 카페에서 통해 팔았습니다.토라3성의 보상으로 스킬젬 경험치2억은 보통 70카에 거래되는데요 2회 모두 구매하신 분이 계셔서 140카를 받고 팔게 되었습니다.토라3성연구를 사용하면 스킬젬의 경험치 2억이 추가됩니다. 3.8리그까지는 많이 거래되진 않았지만 3.9리그에서 각성젬의 추가되면서 토라3성연구도 많이 찾는 신디케이트의 보상이 되었네요.획득할 수 있는 스킬젬의 경험치는 2억이지만 레벨업에 필요한 경험치가 2억 미만 경우에는 레벨업이 가능한 상태까지만 경험치가 채워집니다.다음은 달아난그것의 보상인 균열석 업그레이드 입니다.
차율라의 균열석이 가장 비싸지만 갖고 있던 게 없어 창고 있던 툴의 균열석을 업그레이드 하였습니다.
갖고 있는 균열석이 없다면 경매장을 통해 구매할 수도 있습니다.기본 균열석을 업그레이드 하면 순수한 균열석으로 변하는데요. 균열석마다 가격은 조금씩 차이나지만10~20칸 선에 구매해서 순수한 균열석으로 판매하면 보통 7~80카 정도 이익을 볼 수 있습니다.마지막으로 보리치 3성연구까지 거래완료!
안전가옥의 보상은 포탈을 연 사람만 사용할 수 있기 때문에 이렇게 판매가격과 아이템을 건네받아 보상을 적용시킨 뒤 다시 건네주는 방식으로 진행됩니다.보리치 연구의 보상은 1성은 흰홈 1개, 2성은 2개, 3성은 3개  이런식인데요. 3성이라고 하더라도 랜덤이기 때문에 1개만 되는 경우도 있습니다. 저도 이번에는 1개만 되었네요  ㅜ ㅜ
보통은 1개나 두개의 보상으로 안전가옥을 열곤 했는데, 이렇게 3개도 가능하네요.
저도 아직 신디케이트를 완벽하게 마스터 하진 못했지만 필요한 녀석들을 최대한 해당 구역에 배치시키고 필요 없는 녀석들은 심문하는 식으로 신디케이트를 진행하다 보면 어느정도 의도하는 대로 조사를 완료할 수 있습니다.레딧에 올라온 신디케이트 보상표입니다. 
T는 수송, F는 방어, R은 연구, I는 조정입니다. 
신디케이트 어플이나 트레이드 프로그램에서도 확인하실 수 있으니 아직 뭔지 몰라 건들지도 않고 계시다면 천천히 하나씩 해보시길 추천드려요^^에픽게임즈에서 Faeria(페어리아) / Assassin's Creed Syndicate(어쌔신크리드 신디케이트)의 무료배포를 시작했습니다. 무료배포 기간은 2020년 02월 28일 새벽 1시까지인데요, 배포 수량 제한은 없으니까 기간 내에 여유롭게 다운로드하시면 됩니다. 참고로 2개의 게임 모두 한글화 지원을 하지만, 어쌔신크리드 신디케이트의 경우에는 스팀에서만 한글 지원을 하고 에픽/유플레이에서는 아직 한글화 지원을 하지 않는다고 하네요. 참고하시면 될 것 같습니다.Faeria(페어리아)는 '문명'과 '하스스톤'을 합친 듯한 카드 전략 게임인데요, 플레이어는 자신만의 카드 덱을 구축하고 전장을 만들어 가며 대전을 치르는 것이 가능합니다. 산을 일으키고, 숲을 만들고, 호수를 채우고, 사막의 모래를 움직이세요. 승리로 향하는 길은 여러분의 바로 앞에 있습니다. 그리고 독특한 드래프트 모드인 '판도라'에 뛰어들어서 카드 덱 구성 능력을 최대의 한도까지 시험해 볼 수가 있는데요, 100시간 이상 분량의 솔로 콘텐츠와 협동 임무, 퍼즐 등 다양한 도전을 경험하고 이에 대한 보상을 받는 것도 가능합니다. 인공 지능을 상대해 보거나 PVP에서 자신의 덱으로 궁극의 시험을 치러 보세요!Assassin's Creed Syndicate(어쌔신크리드 신디케이트)(스탠다드 에디션)는 산업혁명부터 1차 세계대전 사이의 영국 런던을 배경으로 하는 오픈월드 액션 잠입 게임입니다. 플레이어는 젊고 무모한 암살자인 제이콥 프라이가 되어서 다양한 기술을 이용해 진보라는 미명 하에 착취당하는 사람들을 도와줘야 합니다. 또, 갱단 리더로서 본거지를 강화하고, 라이벌 갱단도 대의에 동참하도록 결집시켜 템플 기사단으로부터 수도를 수복해야 합니다.#에픽게임즈 #에픽게임즈무료배포 #Faeria #페어리아 #Assassin #AssassinsCreedSyndicate #어쌔신크리드 #어쌔신크리드신디케이트안녕 나다 어쌔신크리드 신디케이트 리뷰한다 
시작놀랍게도 이게임의 오프닝은 앞으로의 플래이타임 20시간동안 가장화려한 장면이 많이나옴
이 얘기가의미하는건 단하나임 앞으로는 그저 양산형의 스토리는 가 반복뿐이니까배경이나 인물그래픽은 전에도 좋았으니 따로 말은 안하겠지만 그래도 믿고사는 어쌔신크리드 라는 말은 아님어쨌든 주어진표적 표적을 암살하고 애댄의수의를 차지하는게 주된목표다뭐 마지막보스는 그럭저럭 괜찮게나왔지만 
패턴을 다쳐맞아가면서해도 깨진다는건 안비밀
시발 어떤게임의 최종보스가 이러냐주인공특유의 전투스타일시스탬조금 
숙련이 필요할듯 특성이 좀더 명확했으면연합활동 으로 자신의 구역을 늘려 런던을 통체로 먹는것도 가능하고 나는 은근재밌게했다현대파트는 말안한다 
그냥 안할꺼임
시발어쨌든 나에겐 문제도 많았지만 결과적으로
꽤수작2020년 2월 21일 금요일 에픽게임즈 8주차 무료 배포는
< 페어리아(Faeria) >,
< 어쌔신 크리드 신디케이트(Assassin's Creed Syndicate) >입니다.
100% 할인으로 무료입니다. 금주 무료 배포 게임 페어리아입니다.
 살아 있는 보드가 특징인 페어리아는 50시간 미만의 게임 플레이로 카드 300장을 모두 얻을 수 있는 유일한 카드 게임이기도 합니다.
- 태그: 카드게임 / 전략 / 대규모 멀티플레이어 / 인디 / RPG
※ 에디션 보기를 눌러 페이지 하단으로 가면 스탠다드 에디션을 무료로 받을 수 있습니다.
종료 일시: 2020.02.28 01:00
[링크] 금주 무료 배포 게임 어쌔신 크리드 신디케이트입니다.
 1868년 런던. 산업 혁명의 중심부에서 자신감과 카리스마로 무장한 암살자 제이콥 프라이로서 활약합니다.
- 태그: 암살 / 오픈 월드 / 액션 / 잠입 / 파쿠르 / 역사
※ 에디션 보기를 누르면 페이지 하단으로 가면 스탠다드 에디션을 무료로 받을 수 있습니다.
종료 일시: 2020.02.28 01:00
[링크] 20년 8주차 무료 배포 게임 <페어리아>와 <어쌔신 크리드 신디케이트>는 2월 28일 01시까지 일주일간 배포합니다. 다음 주 무료 배포 게임은 <이너스페이스(InnerSpace)로 1개의 게임이며 마찬가지로 일주일간 배포 예정입니다.2012년 6월 시작 천권 읽기 992권) 푸틴 신디케이트 비밀경찰 수중에 놓인 러시아 마르가레타 몸젠 저 *인상적인 구절: 명목상으로만 민주주의이고 사실상 독재주의 체제에서 살고 있는 러시아 국민들이 푸틴을 거의 맹목적으로 지지하도록 만들 수 있는 이유는 바로 크렘린이 장악한 미디어다. 러시아 지도부는 아무리 신디케이트가 공고하다 하더라도 반대 의견을 용인한다면 언젠가는 조직이 붕괴할 것임을 잘 알고 있다. 그들은 대중의 무의식 속에 침투해 조종하는 데 능한 인물들이다. 그들이 TV를 통해 내보내는 것은 오르지 푸틴에 대한 찬양뿐이며, 어떤 비판적인 메시지도 담지 않는다. 이에 따라 미디어를 통해 정치를 접할 수밖에 없는 국민들은 세뇌당한다. 이런 사회가 러시아가 주장하는 ‘동방식 민주주의’일까? 민주주의라는 범주 안에 속할 수는 있을까? 나는 다른 무엇보다도 이런 미디어의 장악과 그에 따른 선전과 통제가 러시아가 민주주의라는 개념을 넓게 해석해서는 안 되는 이유의 실례라고 생각한다.어쌔신크리드 시리즈가 나름대로 괜찮은 평가를 받아오다가 밑바닥까지 떨어졌던 적이 있었죠. 그래서 정말 사활을 걸고 만든 작품이 신디케이트란 말을 어디선가 들었는데 신디케이트가 잘 만든 작품은 맞지만 그렇다고 시대를 초월한 명작~! 이 정도는 아니라고 생각합니다. 이 게임은 쌍둥이 남매, 이비 프라이, 제이콥 프라이를 번갈아 조작하게 되는데, 선택이 아니라 양쪽 모두 사용할 수 있다는 점에서 최신작 어쌔신크리드 오디세이와 차이가 있습니다. 다양한 액션이 존재하고 특히 집라인 액션 덕분에 이동이 빠르고 편했습니다. 액션 난이도도 심각하게 높은건 아니라서 다시 가벼운 마음으로 오랫동안 파고들 수 있었습니다. 상대방을 암살하거나 혹은 적에게 들켰을 시 무쌍을 찍을 수 있단 점에서(스킬 육성만 잘 되었다면) 진입 장벽이 높은 편은 아니라고 생각하구요. 유비 특유의 반복 미션과 쓸데없이 넓은 맵이 발목을 잡긴 했지만 그래도 무척 재밌게 즐겼죠.어쌔신크리드 시리즈가 모두 그렇듯 신디케이트 역시 1868년의 런던을 게임으로 잘 옮겼기 때문에 문화가 다른 우리 입장에서 그 시절의 분위기와 다양한 것을 느낄 수 있다는 점은 좋았습니다. 특히 마차를 타고 적과 싸워가는 것이 신박하면서 재밌었던 기억이 있는데, 마차와 관련된 트로피는 하나같이 어려웠던 기억만 남아있네요. 우선 가장 기본적으로 마차 탄 상태로 몇만킬로를 이동해야 했으니... ㅠ.ㅠ
최적화가 딱히 나빴던 것 같진 않은데 그렇다고 썩 좋지도 않았던 것 같습니다. 로딩은 꽤 길었고(오픈월드니까...) 프레임은 노멀 PS4에서 그럭저럭... 프로는 없어서 성능 향상이 있는지 모르겠네요. 프로 출시전에 나온 타이틀이라 사후 지원이 되었을지는 저도 잘...
어쌔신크리드 신디케이트 간단 소개 끝~!
※ 본 포스팅은 인트라게임즈로부터 제품을 제공받고 주관적으로 작성되었습니다.