﻿기존에 있던 책상을 버리고 새로운 책상을 들이면서 제일 시급했던 건 사무용 데스크탑 PC를 들이는 일이었습니다. 그리고 이왕이면 새로 들인 책상 하단에 들어가는 미니 데스크탑이면 더 좋겠다 싶었죠. 그래서 컴퓨터를 잘 아는 친구에게 도움을 청했습니다. 목적은 이미 정해졌고 일단 28cm 높이의 책상에 들어갈만한 미니타워 케이스를 먼저 구하는 게 급선무였죠. 그래서 함께 검색을 하다가 딱~맞는 사이즈의 제품을 발견하였습니다. 원래 이 제품 말고 앞에 먼저 찾은 제품이 있었지만 후기를 보니 발열에 대한 말이 많아 걸렀습니다. 결국 제가 선택한 건 실버스톤 미니타워 케이스!!컴퓨터 사양은 사무용 업무도 볼 수 있고 간단한 동영상 및 사진 편집, 블로그, 유튜브 정도 이용하는 정도면 충분했어요. 목적에 맞는 컴퓨터 사양을 친구가 뽑아주면 저는 가격비교를 통해 최적의 조건을 찾아서 구매하기만 하면 끝!! 원래 다나와에서 한 번에 주문하려고 했지만 네이버 플러스 멤버십을 이용하고 있는 저는 간편결제 방법이랑 비교를 해봤습니다. 네이버 포인트 받는 것까지 합쳐보면 오히려 따로 구매하는 것이 5~6만 원 정도 저렴했어요. 사진에서 10만 원이라고 한건 제품 한 개가 빠진 상태에서 잘못 적은 거였어요.제품을 주문해서 친구 회사로 보내니 친구가 뚝딱뚝딱 조립을 해주었습니다. 그리고 받으러 갔을 때 맛이는 점심을 접대하고 왔어요.집에서 실물을 제대로 영접해봤습니다. 일단 사이즈가 너무 마음에 들었지만 화이트 색상 케이스가 실물로 보니 더 이쁘더라고요. 그리고 부족함 없는 단자들도 굿굿!!미니 데스크탑의 제일 큰 단점 중에 하나가 발열인데요. 직접 제가 사용해보면서 느낀 건 크게 문제 되는 부분은 없었습니다. 물론 제가 고사양 게임을 하는 것도 아니고 고용량의 동영상 편집을 하는 게 아니어서 그럴 수도 있겠죠. 하지만 저와 같은 용도로 이용하시는 분들이라면 저는 추천드리고 싶어요. 내부를 열어보니 선 정리도 어찌나 깔끔하게 잘 해났던지~친구에게 다시 한번 감사한 마음을 전했습니다. SSD 500GB, 램 16GB 장착했어요. 제 사용 목적에서 이 정도면 충분했거든요.책상 위에다가 일단 본체를 올려놓지 않아서 만족!! 그리고 공간도 생각보다 많이 안 차지해서 더 만족!! 디자인은 덤이죠~!! 저는 미니타워 케이스 데스크탑으로 바꾸고 나서 굉장히 만족하면서 사용하고 있습니다. 제가 주문한 데스크탑 본체 가격은 80만 원 초반 정도인데요. 네이버 포인트 받는 거 따져보면 80만 원에 구매했다고 생각하시면 될 것 같습니다. 다나와에서 똑같이 구성해서 했을 때는 86만 원이 넘었습니다. 그래서 좀 귀찮더라도 따로 구매하는 수고를 좀 해야 했습니다. 저와 비슷한 컴퓨터 사양 및 디자인의 데스크탑 PC를 찾고 계신다면 요런 조합도 한번 참고해보세요. 제 목적은 일단 본체를 밑으로 내리는 것이 제일 큰 부분이었기에 아주 만족하고 있어요.  물론 컴퓨터 성능 부분도 충분하고요. 
재택근무도 점점 늘어나는 추세이고 혹시나 사무용 데스크탑 PC로 구성하고 싶으신 분들도 참고해보세요.
이전 포스팅
맥북 배경화면 고화질 변경, 13인치 화면 분위기 바꾸기 여름 날씨가 무더워질수록 컴퓨터 내부의 온도는 높아질 수밖에 없으며, 특히 CPU의 온도는 겨울철과 비교 시 크게는 10도 이상의 온도가 올라 갑작스러운 프리징과 오류가 발생하기도 합니다.
케이스 사이드 패널을 오픈하여 사용하거나, CPU의 클럭을 순정상태로 돌려 시스템 온도를 낮출 수도 있겠지만, 보다 효율적인 방법은 실버스톤 일체형 수냉쿨러와 같이 쿨링 성능이 뛰어난 제품을 사용하는 방법입니다.120mm 1열 수냉쿨러 부터 커스텀 수냉 까지 다양한 쿨러 제품을 사용해보았지만, 360mm 라디에이터에 팬 3개를 장착하는 3열 일체형수냉쿨러는 이번 리뷰를 통해 처음 접해보면서, 3열 수랭의 진면목을 알 수 있었습니다. SST-PF-360-ARGB는 최고 수준의 품질과 안정성으로 인증받고 있는 실버스톤에서 개발된 CPU 수냉쿨러로 사후 처리가 확실한 STCOM에서 관리하고 있습니다. "5년 무상 AS를 보장하며, 삼성화재 생산물배상책임보험" 가입되어 있어 수랭쿨러 구입에 가장 큰 고민이라 할 수 있는 냉각수 누수 부분에서 안심하고 사용할 수 있습니다.대형 360mm 라디에이터를 사용하기 때문에 패키지 박스의 크기도 큽니다. 기본 제원과 주요 특징은 상세하게 표기되어 있어 한눈에 살펴보기 좋았습니다.패키지의 주요 구성품은 일체형수냉쿨러와 120mm RGB 팬 3개, AMD 클립과 인텔 백플레이트, ARGB 컨트롤러를 기본 제공하고 있습니다. 인텔 10세대 CPU를 완벽하게 지원하고 있으며, 이전 세대의 intel 프로세서와 AMD 소켓 역시 지원하면서, 폭넓은 호환성을 갖추고 있습니다. 라디에이터의 크기는 120mm 팬 3개를 장착하기 때문에 394mm의 길이를 보유하고 있습니다.  Radiator의 위치를 케이스 상단에 장착하기 위해선 빅타워 컴퓨터 케이스를 권장하며, 케이스 앞쪽으로 배치할 경우에는 미들급 케이스에서도 대부분 장착 가능해 보였습니다.
" 정확한 장착 여부는 다나와 해당 제품 상품 의견 참조"세련된 눈꽃 로고의 멀티챔버 디자인의 CPU 워터블럭은 0.2mm 초정밀 냉각 수로로 설계되어 냉각수의 흐름을 일정하고 고르게 분배하고 있어, CPU로 과열된 워터펌프의 발열제어를 효과적으로 컨트롤하여 빠른 열 해소 성능을 보여주고 있습니다.워터블럭의 방열판은 100퍼센트 순수 구리로 제작되어 빠른 열 분산 뿐만 아니라, CPU의 발열을 빠르게 흡수하여 안정적인 온도를 유지시켜 주어 높은 오버클럭에서도 뛰어난 성능을 기대할 수 있습니다.실버스톤 PF 수냉쿨러의 장착 방법은 복잡해 보일 수 있지만, 제품 설명서를 천천히 읽어보면 누구나 장착할 수 있습니다. 특히 AMD AM4 소켓의 경우에는 기존 메인보드에 체결되어 있는 브라켓을 그대로 사용하면서 장착하기 때문에 매우 간단합니다.인텔 프로세서 장착 방법을 알려드리고 싶었지만, 부득이하게 AMD AM4 소켓용으로 워터블럭을 장착하였습니다. AMD 소켓의 경우 기존에 장착되어 있던 인텔 전용 클립을 워터블럭에서 분리 후, 걸쇠 모양의 AMD 클립을 장착하여 사용합니다.
인텔 10세대 또는 이전 세대의 경우 전용 백플레이트와 고정 피스를 사용하기 때문에 기타 브랜드의 제품들과 크게 다르지 않았습니다. PWM RGB 팬 3개는 블레이드 끝을 풍량과 풍압을 고려한 독특한 디자인으로 설계되어 난기류를 억제하며, 효율적인 공기 순환을 보장하고 있습니다. 최대 2,200RPM의 빠른 속도로 뛰어난 쿨링 성능을 제공하는 동시에 35.6dBA 수준의 저소음 환경을 제공하고 있습니다.마지막으로 실버스톤 수냉쿨러의 장착은 기본 제공되는 서멀구리스를 CPU에 도포하고 라이젠 정품 쿨러를 장착하는 클립 형태의 방식으로 고정하여 마무리합니다. 주위할 점은 워터블럭 방열판 하부에 부착되어 있는 스크래치 보호 필름은 반드시 제거한 후 장착해야 합니다. ARGB 기능이 적용된 실버스톤 SST PF360 수냉쿨러는 워터펌프의 중앙에 새겨진 눈꽃 로고를 핵심으로 화려하고 감성적인 LED 빛을 보여줍니다. 메인보드와의 동기화 뿐만 아니라, 기본 제공되는 RGB 컨트롤러 를 이용해 다양한 조명효과를 더할 수 있어 내가 원하는 감성적인 시스템 구성에 최고의 조합을 보여줍니다.ARGB 컨틀로러는 수냉쿨러의 워터펌프와 라디에이터에 장착된 RGB 팬의 조명효과를 수동으로 제어할 수 있습니다. 구형 메인보드의 경우 RGB를 지원하는 핀 이 없는 경우가 많아 컨트롤러의 필요성은 구형 보드일수록 높습니다.  
메인보드에서 RGB 핀을 지원하더라도, 저 같은 경우에는 소프트웨어 사용을 꺼려 하는 편입니다. 이유는 윈도우 운영체제와의 호환성 문제로 오류가 발생하기도 하며, 대부분의 RGB를 지원하는 소프트웨어가 용량에 비해 리소스 사용량이 높기 때문입니다.실버스톤 수냉쿨러를 장착 후 CPU 온도 테스트에 사용된 메인보드는 A320 칩셋 제품으로 CPU 오버클럭을 미지원하고 있습니다.  Precision Boost Overdrive (PBO) 설정만 세팅 후 간단한 온도 테스트를 진행하였습니다.라이젠 CPU의 장점이자 단점으로 볼 수 있는 PBO는 사용자 시스템 성능과 온도에 맞는 자동 오버클럭 기능으로 터보 부스터 이상의 클럭을 보여주기도 합니다. 하지만 높은 전압과 안정적이지 못한 전력으로 CPU의 온도는 롤러코스터와 같은 모습을 보여줍니다.
PBO를 설정한 CPU 벤치 테스트에서 라이젠 2700X CPU의 최고 전압은 1.5V로 너무 높았습니다. B450 칩셋 메인보드에서 42배수 국민 오버클럭 시 1.3V로 안정화를 볼 때의 온도와 비교하면 이번 테스트의 결과는 만족스럽지 않았습니다.
하지만 같은 조건으로 정품 레이스 쿨러와 타워형 공랭 쿨러를 사용할 때를 실버스톤 수냉쿨러와 비교해보면 최고 온도는 8~10 정도의 차이가 있기 때문에 안정적인 전압으로 오버클럭을 했을 때는 더욱 뛰어난 성능을 보여줄 거라 생각합니다.마치며포뮬러 원을 주관하고 있는 국제 자동차 연맹 FIA는 다가오는 영국 그랑프리를 앞두고 국제 모터스포츠 평의회 WMSC를 소환하였습니다.
회의 내용은 최근 이슈가 되고 있는 피렐리 타이어의 내구성에 관한 문제였으며, 다음 주에 있을 영국 그랑프리를 시작으로 남은 일정 모두 특별히 개량된 리어 타이어를 사용하도록 결정되었습니다.
또한 영국 그랑프리에서 처음으로 선보일 스프린트 레이스에서도 개량된 리어 타이어를 지급하기로 했습니다. 이러한 결정은 지난 아제르바이잔 그랑프리에서 막스 베르스타펜과 랜스 스트롤이 겪었던 사고로 시작되었습니다.당시 애스턴마틴의 랜스 스트롤은 31랩 상황 20번 코너를 통과하며 메인 스트레이트를 달리기 시작했는데, 갑작스런 좌측 리어 타이어의 펑쳐로 리타이어 했던 바 있습니다.
시속 300km가 넘어가던 상황이었고, 일직선 코스였기에 스트롤은 순식간에 그립을 잃으며 벽과 충돌한 매우 아찔한 상황이었죠.레드불의 막스 베르스타펜도 비슷한 사고를 겪었습니다. 선두를 유지하며 46랩을 돌던 중에 좌측 리어 타이어의 펑쳐로 인해 벽과 충돌하며 리타이어 했었습니다.그러나 피렐리의 대표 마리오 아이솔라는 당시 좌측 리어 타이어가 아닌, 우측 리어 타이어의 마모가 심한 서킷에서 이러한 현상은 있을 수 없는 일이라며, 드라이버들의 주행 능력에 문제가 있었다는 발언을 했었습니다.
당연히 각 컨스트럭터와 F1의 팬들은 피렐리에 대한 비난을 가했으나, 실제로 조사에 따르면 루이스 해밀턴의 우측 리어 타이어에 거대한 상처가 발견되어 할 말을 잃게 만들기도 했었습니다.어찌됐든 FIA는 피렐리의 타이어 내구성에 문제가 있으니, 이를 해결하기 위해 개량형 타이어를 지급하길 요청하였고, 지난 오스트리아 그랑프리 프랙티스 세션에서 18인치 타이어와 동시에 프로토 타입을 지급하여 테스트를 진행했었습니다.
드라이버들은 다행이 개량형 리어 타이어에 만족감을 표했으며, 기존 타이어에 비해 접지력이 오히려 상승된 것을 체감했다고 말했습니다.영국 그랑프리는 한국 시각 기준 7월 16일 오후 10시 30분 부터 진행됩니다. 또한 이번 시즌 처음으로 스프린트 레이스를 선보이게 됩니다.
스프린트 레이스에 대한 자세한 내용은 하단 링크를 통해서 확인해 보실 수 있습니다.
블로그 방문자 및 이웃 여러분, 코로나 바이러스가 다시 기승을 부리고 있습니다. 모두들 방역 철저히 하시고, 가뜩이나 더운 여름 건강도 잘 관리하셔서 소중한 나 자신과 주변 사람들을 지키시길 바라겠습니다🙏#FIA #WMSC #피렐리 #타이어 #영국그랑프리 #스프린트레이스 #애스턴마틴 #랜스스트롤 #레드불 #막스베르스타펜 #마리오아이솔라 #아제르바이잔그랑프리 #바쿠시티서킷수석 기자 로렌스 바레토 칼럼팬들은 이번 영국 그랑프리를 관람하러 갈 수 있을 뿐 아니라 - 주말 동안 약 20만 명 이상의 팬들이 운집할 것으로 예측되고 있다 - 100km를 전속력으로 달리는 이벤트인 F1 스프린트를 포함한 새로운 형태의 레이스 주말을 함께 보내게 될 것이다.
퀄리파잉이 금요일로 옮겨가면서 한 시간 동안 진행되던 FP2 세션을 대체하고, 'F1 스프린트'가 토요일 오후에 자리를 잡으면서 이번 주말의 일정은 평소와 다르게 보일 것이다.
이러한 재배치로 인해 몇가지 새로운 규칙이 신설되었다. 이번 기사를 통해 어떤 일들이 일어날 예정인지 한 번에 원 스톱으로 알아볼 수 있도록 준비했다.
금요일
FP1
퀄리파잉 준비를 위한 1시간 연습 세션
레이스 주간은 이제는 전통이 된 한 시간 분량의 자유 연습 세션으로 시작하지만, 팀들이 수행할 프로그램은 상당히 다를 예정이다.
이제 연습 세션이 두 번 뿐이고, 이는 트랙 위에서 '테스트'를 펼칠 시간이 33.3% 줄었다는 걸 의미하며, 연습 기회가 퀄리파잉 전에 단 한 번 뿐이기 때문에, 이 세션에서의 중심점은 퀄리파잉이 될 것이다.
할당 받은 12 종류의 타이어 - 소프트 6세트, 미디엄 4세트와 하드 2세트 - 들을 생각해보면, 팀들은 준비 단계와 셋업 확인을 위한 몇 바퀴를 위해 하드 타이어를 사용하고, 적은 연료 상태에서의 주행 시험을 위해 소프트 타이어를 사용할 것으로 예상된다.
연습 세션은 오직 한 시간만 주어지기 때문에 실수없는 세션을 진행해야 한다는 압박감이 드리울 것이다. 트랙 위에서 드라이버의 실수나 기계적 결함은 퀄리파잉에 눈을 가린 채 임하는 것과 다름없게 될 것이며, 상당히 불리하다.
팀들은 또한 남은 주말동안 아주 섬세한 처리를 해야 할 필요가 있는데, 이들이 '퀄리파잉 차량'으로 차량을 재구성하는 것을 막기 위해 이 세션이 끝난 후 파크 페르메(parc ferme)로 직행하기 때문이다. 브레이크와 관련한 부품처럼, 교체할 수 있는 부품에 대한 목록이 존재한다.퀄리파잉
상위 10명의 Q2 타이어 선택이 더 이상 본 레이스 시작 시 타이어에 영향을 미치지 않는다.
우리가 이미 익숙해져 있는 퀄리파잉 방식은 - 세 세션 구획으로 나뉘고 Q3에서는 가장 빠른 10명이 가장 좋은 그리드 포지션을 잡기 위해 싸우는 방식 - 그대로 유지된다.
하지만 세션 자체가 금요일로 옮겨지고 저녁 시간대에 - 현지시각 18:00 - 펼쳐지며 더 많은 사람들이 일과 후 시청할 수 있는 기회를 최대화 시켰다. 퀄리파잉에서 가장 빠른 기록을 달성한 드라이버는 F1 스프린트에서 P1 포지션을 차지하게 된다.
드라이버들은 소프트 컴파운드 타이어만 사용할 수 있으며 주행을 위해 네 개의 세트를 사용할 수 있다 - Q3에 도달하면 새로운 세트를 하나 더 받게 된다.
또한 퀄리파잉의 마지막 단계까지 진출한 드라이버들은 더 이상 Q2 세션에서 가장 빠른 기록을 달성했던 타이어로 레이스에 나서지 않아도 된다. 이제 타이어를 자유롭게 선택할 수 있다.
토요일
FP2
장거리 주행 데이터를 수집하기 위한 한 시간 세션
토요일에는 해당 주말의 두 번째이자 마지막인 연습 세션이 진행된다 - 통상적으로 FP3가 진행되던 시간대에 진행 될 것이다.
이 세션에서, 팀들은 장거리 주행 데이터를 모으는 데 주력할 것이며, 본 경기에서 사용할 것으로 예상되는 두 가지의 타이어 컴파운드를 시험해 볼 것이다. 시작 시 장착할 수 있는 타이어를 자유롭게 고를 수 있기 때문에, 팀들은 주로 미디엄과 하드 타이어를 집중적으로 살펴 볼 것이다.
팀들은 이 세션동안 차량 밸런스와 브레이크, 주행 높이 등을 확인할 것이며, 일요일 메인 이벤트를 위해 타이어 소모를 눈으로 직접 확인할 예정이다.
준비할만한 충분한 시간은 아니기 때문에, 팀들은 각기 보유한 시뮬레이션 장비들에 훨씬 더 과중한 의존도를 보일 수 밖에 없게 되었다.
F1 스프린트
단 한 번의 레이스로 펼치는 분노의 질주
토요일 오후에는 첫 F1 스프린트가 펼쳐진다 - 100km의 질주로, 실버스톤 트랙에 대입하면 17바퀴가 되며 25분에서 30분 사이에 끝날 예정이다.
차량들은 타이어를 아낄 필요 없이 모든 거리를 전속력으로 달릴 것으로 보인다. 이는 서킷별로 다른 타이어 컴파운드 선택이 필요하다는 것을 의미할 수도 있다.
F1의 데이터 팀은 트랙에서 사용되는 타이어들이 15바퀴 근방에서는 동일한 성능을 낼 것이라고 예측한다. 그 이후부터는 하드 타이어가 가장 빠르고, 미디엄이 그 뒤를 잇는다. 소프트는 빠르게 성능이 떨어지기 시작하므로 이 시점 이후 고전할 것이다.
과연 팀들은 더 빠르겠지만 다소간의 관리가 필요한 소프트 타이어를 사용할 것인가, 아니면 더 단단한 컴파운드의 타이어를 사용해 내구도를 극한까지 사용하는 공략을 시행할 것인가? 이는 우리가 흥미롭게 지켜봐야 할 부분이다.
승자는 3포인트를 얻게 된다. 2위는 2포인트, 3위는 1포인트를 각각 얻게 되며, 일요일 그랑프리를 위한 그리드 분류를 받고 폴 포지션 우승자를 결정하게 된다.일요일
그랑프리
주말의 대미를 장식하는 최정상 이벤트
일요일은 주말기간의 가장 집중받는 포인트로 남아있으며, 평소처럼 많은 포인트들을 분배하는 그랑프리가 펼쳐지게 된다 - 우승자에게 주는 25포인트부터 10등이 받는 1포인트까지 각기 포인트를 획득한다.
타이어 선택이 자유로워졌기에, 우리는 팀과 드라이버가 어떤 컴파운드를 선택했는지, 포메이션 랩을 위해 타이어 블랭킷을 벗기기 일보 직전까지 알 수 없는, 신비의 장막을 한 단계 더 맛보게 된다.
레이스 동안에는 최소한 2개의 컴파운드를 사용해야 하며, 이는 최소 한 번의 피트스탑을 의미한다. 하지만 이들은 몇십년간 그래왔듯 그들이 연습한 최소한의 시간만을 사용하며 경주에 임할 것이다.
역사가 우리에게 증언하듯, 금요일에 비가 내려 트랙이 말끔해지는 등의 경우로 인해 팀들이 적은 연습시간을 가져갈수록 그랑프리가 더욱 예측하기 힘들어지는 점이 있다. 이 점은 이번 주말 영국 그랑프리를 가장 잘 점쳐주는 요소가 되겠다.칼럼 중간에 F1 TV 구독 광고용 멘트가 많아 그 부분은 빼고 가져왔습니다.
원문 링크
https://www.formula1.com/en/latest/article.f1-sprint-what-to-expect-on-each-day-of-formula-1s-new-race-weekend-format.4CMuJh8GGAvTXi7Cm1vKov.html#실버스톤 (Silverstone)은 영국 노샘프턴주에 있는 잉글랜드의 도시 입니다.
이곳에 있는 #실버스톤서킷 에서 경기가 열리는데 영국의 코로나 상황이 좋지 않은데도 경기가 열린다고 하니 걱정 입니다.많은 괸중이 레이싱 경기를 직접 보기 위해 몰린다고 합니다.실버스톤 서킷에 모여든 관중이 풀로 찼다는데 노마스크에 따닥따닥 붙어 앉은 모습이 왠지 불안해 보입니다.#코로나백신 1차접종률이 높다고는 하지만 안전지대 없듯이 조심해야 할것 같습니다.영국의 코로나 신규확진자의 수는 7월 16일 기준으로 48,173명 입니다.
영국의 신규 확진자수는 2차 대유행이 일던 시기와 비슷하지만 사망자수가 현저히 줄었기 때문에 봉쇄해제는 계속 강행한다는 방침입니다.
이번에 열리는 경기에서 #Ferrari 375 가 레이싱 서킷을 달리는 특별행사가 일요일 진행되는데 에클레어 샤를이 운전을 한다고 합니다.
#에클레어실버스톤 서킷을 F1 성지라고 하는데 이곳에서 #페라리375 의 주행 모습을 보는것도 하나의 볼거리 인것 같습니다.멋진 경기와 멋진 선수들을 직접 보기 위해 모인 많은 관중들중 추가 확진자가 나오지 않기만을 기대해 봅니다.
아래 사진은 햄돌이 트위터에 올라온 사진 퍼왔습니다.#F1성지
#영국코로나  #영국코로나확진자세계적인 쿨링, 케이스와 파워솔루션, 악세서리 전문 제조사인 실버스톤(SilverStone)사의 한국 공식 유통사인 (주)에스티컴퓨터(대표: 서희문, 이하 STCOM)는 실버스톤 제품 구매자를 대상으로 사용기 작성 이벤트를 진행한다.STCOM에서 유통하는 실버스톤 케이스, 파워, 수냉쿨러를 구매한 고객들을 대상으로 진행되며, 기간 내에 구매 후 커뮤니티에 사용기를 작성하여 인증하면 모바일 문화상품권 1만원 권을 증정한다. 
뛰어난 성능과 감성적인 로고 디자인으로 인기가 많은 PF 시리즈와 화이트 색상인 PF 화이트 시리즈, 보석 디자인으로 화려한 효과를 보여주는 IceGem 시리즈 수냉쿨러를 포함하여 게이밍 감성이 풍부한 FARA V1M PRO 및 안정적인 전력 공급이 가능하여 최신 RTX30 시리즈 그래픽카드와 사용 시 높은 퍼포먼스를 발휘할 수 있도록 도와주는 80PLUS GOLD 등급의 750W / 650W Strider 시리즈 고용량 파워 등이 이벤트 대상 제품이다.
실버스톤 사용기 이벤트는 2021년 3월 8일부터 3월 31일까지 STCOM에서 유통하는 실버스톤 제품을 구매 후, 다나와 소비자 사용기 게시판, 쿨엔조이, 퀘이사존 등 IT 커뮤니티 게시판에 사용기를 업로드 후 event@stcom.co.kr로 성함과 연락처, 구매영수증, 시리얼 넘버와 사용기 URL을 첨부하여 보내면 참여할 수 있다.
한정된 수량의 사은품으로 진행되므로 상품이 모두 소진될 시 조기에 종료될 수 있다.
기타 관련 제품에 대한 내용은 STCOM 홈페이지 (http://www.stcom.co.kr) 및 STCOM 공식 네이버 카페를 방문하면 확인이 가능하다.       가장 많이 본 SST 크라운 오토바이 헬멧, 실버스톤 화이트
 ★★★★
    ▶ 38,000원 ◀ 입니다.
   [무료배송]
        본 포스팅을 통해 일정액의 수수료를 지급받을 수 있습니다.
 Bitamin_비엠타는민국입니다!
M4 Competition 탄자나이트블루/메리노실버스톤 시트
상세정보 및 차량문의는 맨 하단 연락처로 문의주시면 친절하게 안내드리겠습니다!한독모터스 서초지점 김민국
010-2795-5927(이쪽으로-오구있지)
아래 사진을 누르시면 오픈카카오 채팅으로 연결됩니다!안녕하세요
호빵이입니다오늘은 영화<클루리스>의 여주인공으로 유명한
알리시아 실버스톤의
리즈시절 사진과
<클루리스>의 패션 사진들 들고왔어욧<클루리스>에서 진짜 예쁘게 나왔죠
영화 속 패션은 
지금봐도 하나도 촌스럽지가 않아요개인적으로 이런 패션 너무 맘에 듭니다 ㅠㅠ
머리띠 잘어울리는 사람 부러워요청자켓도 꿀귀 >.<겨울에 이렇게 입고싶어서
노력을 하였으나
실패했던 적이 ㅋㅋㅋㅋㅋㅋ
역시 모델이 좋아야돼..요 찡그리는 표정과
입꼬리를 아래로 내리는 표정은
알리시아 실버스톤의 시그니처가 아닐까 싶네요패션이 돌고 도는지
딱 요즘 유행하는 패션 ㅋㅋㅋㅋ
넘 이뻐여머리 대충 묶어도 이쁘군여 하힣여전히 아름다운 알리시아 실버스톤,
리즈시절은 정말 넘사벽이었죵
오늘도 눈호강했습니당 캬캬감사합니다
또 만나요
#클루리스패션
#영화클루리스
#클루리스
#영화클루리스패션
#클루리스여주
#클루리스여주인공
#알리시아실버스톤
#실버스톤
#알리시아실버스톤리즈