﻿시공전시공중
시공후예스비니 TOTAL AS CENTER
본사: 경기도 양주시 회정동 124 코스타운 C동 401호
TEL. 031-859-2468
C.P 010-7935-2468
이 유 상 실장안녕하세요. 오늘은 키즈룩 브랜드로 가성비 좋은 에비스키즈 인스타 리그램이벤트 소식 전해드리러 왔어용!
평소에 저희 제연이도 에비스 제품을 종종 구입했었는데요.
여름 데일룩도 저번에 구입하려고 갔었는데 후드티를 입겠다고 해서 한 여름에 후드티를 샀어요. ㅠㅠ
요즘은 패션에 대한 고집이 있어서 매일 아침마다 자기가 입고 싶은 옷과
신고 싶은 신을 신으려고 해서 옷 사러 갈때도 꼭 자기가 입고 싶은 것만 사려고 합니다. ㅠㅠ특히 "슈퍼맨이 돌아왔다"에 고정 팬으로 그 중에서도 윌리엄과 벤틀린을 그렇게 좋아하는데요. 
"슈퍼맨이 돌아왔다" 방송되는 일요일에는 방송 시간까지 꼭 기달려서 윌리엄해밍턴과 벤틀린을 보고 잠자리에 든답니다. ^^
에비수는 대세 배우 로운이 포한된 남자 아이돌 SF9과 여자친구 신비가 전속 모델로 활동하고 있으며,
유노윤호, 2PM, 이준, 이성경, 박서준, 정해인, 피오 등이 이전 전속 모델로 활동하였으며,
이번에는 키즈룩을 슈돌 윌리엄이 전속모델로 활동하게 되었습니다. 에비수 키즈룩을 평소에도 잘 입어왔지만 윌리엄이 전속모델로 활동하는 이상 제연이는 더 자주 찾게 될 것 같아요.
이번에 촬영한 화보도 보면 너무 예쁘더라구요. 몇장 퍼왔어요!
이 예쁜 윌리엄 티셔츠를 에비수에서 리그램이벤트로 여러분들께 증정 이벤트를 진행한다고 합니다. 에비수 키즈 '2020 여름맞이 윌리엄 티셔츠 증정' 리그램 이벤트!
에비수 키즈를 사랑해 주시는 고객분들에게 감사의 마음을 보답하기 위해~
전속모델 윌리엄이 착용한 티셔츠를 증정하는 이벤트를 진행하게 되었습니다.
공개된 이벤트 이미지 리그램 한 후, 꼭 전체공개 여야 합니다. 
에비스 키즈 공식 인스타그램인 본 게시물에 댓글을 달아주시면 됩니다. 
댓글을 달아주시면 '윌리엄'도 소장중인 티셔츠를 선물로 보내드리며,
친구 소환을 많이해 주실수록 당첨될 가능성이 높다고 합니다. 
증정하게 될 에비스키즈 티셔츠는 ES2KTS708이며, 컬러 선택이 가능합니다. 자세한 참여 방법은 @evisukide_kr 인스타그램 팔로우!
이벤트 게시물에 '좋아요' 누른 후 게시물 리그램!
리그램 시 전체공개는 필수익 해시태그로 #에비수키즈, #evisukids, #에비수키즈이벤트 필수,
이벤트 게시물에 친구 태그와 센스있는 댓글 남겨주시면 됩니다. 
그리고 비공개 계정은 전체 공개로 전환해주셔야 확인이 가능합니다.
이벤트 기간은 8월 04일 (화) ~ 8월 10일 (일) 7일간 진행되며,
이벤트 발표는 8월 11일 (화) 이며, 당첨 인원은 5명입니다. 
에비수키즈 리그램 URL
 https://www.instagram.com/p/CDcwAD4D_xr/?utm_source=ig_web에비수 공식 홈페이지 바로가기 
에비수는 키즈룩  뿐만 아니라 성인룩들도 있으며 원단도 입어 보신 분들이 안다고 
짱짱 면으로 귀여우면서도 세련된 이미지를 가지고 있는 의류브랜드입니다.   이번에 리그램 이벤틀 증정되게 될 에비수 키즈 티셔츠 상품이 바로바로 이 상품이며,
슈돌 윌리엄도 소장할만큼 귀여운 티셔츠입니다.  너무 너무 귀엽죠!여러분들도 윌리엄 티셔츠 소장하고 싶으시면 에비수 이벤트
에비수 키즈 '2020 여름맞이 윌리엄 티셔츠 증정' 리그램 이벤트로 도전하세요.
- 본 포스팅은 에비수로 부터 소정의 원고료를 제공받아 직접 작성되었습니다. -안녕하세요^^
 홍대 Queen Bee입니다비가 오고 흐린 휴일이지만 기분은 밝게 하루보내세요
지난 시간 상가 실무등 퀸비의 블로그 내용이 궁금하시면 클릭해주세요 ^^오늘은 상가 실무 이야기를 계속 이어 드릴께요상가 실무중 소방법과 다중이용업소를 알아보겠는데요
오늘은 소방법에 대해 말씀 드리겠습니다소방에 관계된 법은 신축이나 인테리어시에 지켜야할 사항입니다
건축시 이 법에 규정된 내용을 준수해야 준공검사필증과  영업증이 나옵니다
중개Tip
 중개시에는 상세히 공부할 필요는 없으며 기본적으로 참고만 하시면 도움이 되실 듯 합니다 - 소방시설물을 설치해야하는 업종을 중개시 참고가 됩니다소방시설(소방시설의 설치 유지 및 안전관리에 관한 법률 제3조 관련)
1.소화설비
물이나  소화약제를 사용하여 소화하는 기계·기구 또는 설비를 말한다.
① 소화기구(수동식 또는 자동식소화기)
② 옥내소화전설비
③ 스프링클러설비 · 간이스프링클러설비(캐비넷형 간이스프링클러설비를 포함) 및 화재조기진압용스프링클러설비
④ 물분무소화설비 · 미분무소화설비·포소화설비 · 이산화탄소소화설비 할로겐 화합물소화설비·청정소화약제소화설비 분말소화설비 및 강화액소화설비⑤ 옥외소화전설비
2.경보설비
화재발생 사실을 통보하는 기계·기구 또는 설비
① 비상벨설비 및 자동식사이렌설비(이하 '비상경보설비’라 한다)
② 단독경보형감지기
③ 비상방송설비
④ 누전경보기
⑤ 자동화재탐지설비 및 시각경보기
⑥ 자동화재속보설비
⑦ 가스누설경보기
⑧ 통합감시시설
3.피난설비
화재가 발생할 경우 피난하기 위하여 사용하는 기구 또는 설비
① 미끄럼대 · 피난사다리 · 구조대 · 완강기 · 피난교 · 피난밧줄 공기안전매트 다수인 피난장비 그 밖의 피난기구
② 방열복 · 공기호흡기 및 인공소생기 (이하 “인명구조기구”라 한다)
③ 피난유도선, 유도등 및 유도표지
④ 비상조명등 및 휴대용비상조명등
4.소화용수설비
화재를 진압하는 데 필요한 물을 공급하거나 저장하는 설비
① 상수도소화용수설비
② 소화수조 · 저수조 그 밖의 소화용수설비
5.소화활동설비
화재를 진압하거나 인명구조 활동을 위하여 사용하는 설비
① 제연설비
② 연결송수관설비
③ 연결살수설비
④ 비상콘센트설비
⑤ 무선통신보조설비
⑥ 연소방지설비특정소방대상물(소방시설의 설치 유지 및 안전관리에 관한 법률 제5조 관련)
--> 소방시설을 설치해야 하는 소방대상물로서 대통령령으로 정하는 것으로 중개시 확인하시기 바랍니다
1. 근린생활시설
① 수퍼마켓과 일용품(식품, 잡화, 의류, 완구, 서적, 건축자재, 의약품, 의료기기등) 등의 소매점으로써 같은 건축물(하나의 대지에 두 동 이상의 건축물이 있는 경우에는 이를 같은 건축물로 본다. 이하 같다)에 해당 용도로 쓰는 바닥 면적의 합계가 1천제곱미터 미만인 것
② 휴게음식점, 제과점, 일반음식점, 기원, 노래연습장 및 단란주점(같은 건축물에 해당 용도로 쓰는 바닥 면적의 합계가 150제곱미터 미만인 것만 해당한다)
③ 이용원, 미용원, 목욕장 및 세탁소(공장이 부설된 것과 대기환경보전법」, 「수질 및 수생태계 보전에 관한 법률」 또는 「소음·진동관리법」에 따른 배출시설의 설치허가 또는 신고의 대상이 되는 것은 제외한다)
④ 의원, 치과의원, 한의원, 침술원, 접골원(接骨院), 조산원(모자보건법」 제2조제11호에 따른 산후조리원을 포함한다) 및 안마원(「의료법」 제82조제4항에따른 안마시술소를 포함한다)
⑤ 탁구장, 테니스장, 체육도장, 체력단련장, 에어로빅장, 볼링장, 당구장, 실내낚시터, 골프연습장, 물놀이형 시설 「관광진흥법」 제33조에 따른 안전성검사의 대상이 되는 물놀이형 시설을 말한다. 이하 같다) 및 그 밖에 이와 비슷한 것으로서 같은 건축물에 해당 용도로 쓰는 바닥 면적의 합계가 500제곱미터 미만인 것
⑥ 공연장(극장, 영화상영관, 연예장, 음악당, 서커스장, 영화 및 비디오물의 진흥에 관한 법률」 제2조제16호가목에 따른 비디오물감상실업의 시설, 같은 호 나목에 따른 비디오물소극장업의 시설, 그 밖에 이와 비슷한 것을 말한다. 이하 같다) 또는 종교집회장[교회, 성당, 사찰, 기도원, 수도원, 수녀원, 제실(祭室), 사당, 그밖에 이와 비슷한 것을 말한다. 이하 같다]으로써 같은 건축물에 해당 용도로 쓰는 바닥 면적의 합계가 300제곱미터 미만인 것)
⑦ 금융업소, 사무소, 부동산중개사무소, 결혼상담소 등 소개업소, 출판사, 서점 및 그 밖에 이와 비슷한 것으로써 같은 건축물에 해당 용도로 쓰는 바닥 면적의 합계가 500제곱미터 미만인 것
⑧ 제조업소, 수리점 및 그 밖에 이와 비슷한 것으로써 같은 건축물에 해당 용도로 쓰는 바닥 면적의 합계가 500제곱미터 미만이고, 「대기환경보전법」,「수질 및 수생태계 보전에 관한 법률」 또는 「소음·진동관리법」에 따른 배출시설의 설치허가 또는 신고의 대상이 아닌 것
⑨ 「게임산업진흥에 관한 법률」제2조제6호의2에 따른 청소년게임제공업및 일반게임제공업의 시설, 같은 조 제7호에 따른 인터넷컴퓨터게임시설제공업의 시설 및 같은 조 제8호에 따른 복합유통게임제공업의 시설로써같은 건축물에 해당 용도로 쓰는 바닥 면적의 합계가 500제곱미터 미만 인 것
⑩ 사진관, 표구점, 학원(같은 건축물에 해당 용도로 쓰는 바닥 면적의 합계가 500제곱미터 미만인 것만 해당되며, 자동차학원 및 무도학원은 제외한다), 독서실,고시원(다중이용업소의 안전관리에 관한 특별법」에 따른 다중이용업 중 고시원업의 시설로서 독립된 주거의 형태를 갖추지 않은 것으로써 같은 건축물에 해당 용도로 쓰는 바닥 면적의 합계가 1천제곱미터 미만인 것을 말한다), 장의사,동물병원, 총포판매사, 그 밖에 이와 비슷한 것
⑪ 의약품 판매소, 의료기기 판매소 및 자동차영업소로써 같은 건축물에 해당 용도로 쓰는 바닥 면적의 합계가 1천제곱미터 미만인 것
⑫ 가목부터 카목까지에서 규정한 시설의 용도와 주택으로 사용하는 부분 또는 층이 있는 것
2. 문화 및 집회시설
① 공연장으로서 근린생활시설에 해당하지 않는 것
② 집회장 : 예식장, 공회당, 회의장, 마권(馬券) 장외 발매소, 마권 전화투표소 및 그 밖에 이와 비슷한 것으로써 근린생활시설에 해당하지 않는 것
③ 관람장: 경마장, 경륜장, 경정장, 자동차 경기장, 그 밖에 이와 비슷한 것과 체육관 및 운동장으로써 관람석의 바닥 면적의 합계가 1천제곱미터 이상인 것
④ 전시장 : 박물관, 미술관, 과학관, 문화관, 체험관, 기념관, 산업전시장, 박람회장 및 그 밖에 이와 비슷한 것
3. 의료시설
① 병원 : 종합병원, 병원, 치과병원, 한방병원, 요양병원
② 격리병원 : 전염병원, 마약진료소 및 그 밖에 이와 비슷한 것
③ 「정신보건법」 제3조제2호에 따른 정신보건시설
4. 교육연구시설
① 학원(근린생활시설에 해당하는 것과 자동차운전학원 · 정비학원 및 무도학원은 제외)
② 연구소(연구소에 준하는 시험소와 계량계측소를 포함)
5. 노유자시설
① 아동 관련 시설 : 영유아보육시설, 아동복지시설, 유치원 및 그 밖에 이와 비슷한 것
② 노인 관련 시설 : 노인복지시설, 경로당 및 그 밖에 이와 비슷한 것
③ 장애인 시설 : 장애인재활시설, 장애인요양시설, 장애인이용시설, 점자도서관
④ 그 밖의 다른 용도로 분류되지 않은 사회복지시설 및 근로복지시설
6. 운동시설
① 탁구장, 체육도장, 테니스장, 체력단련장, 에어로빅장, 볼링장, 당구장, 실내낚시터, 골프연습장, 물놀이형 시설 및 그 밖에 이와 비슷한 것으로써 근린생활시설에 해당하지 않는 것
② 체육관으로서 관람석이 없거나 관람석의 바닥 면적이 1천제곱미터 미만인 것
③ 운동장: 육상장, 구기장, 볼링장, 수영장, 스케이트장, 롤러스케이트장, 승마장, 사격장, 궁도장, 골프장 등과 이에 딸린 건축물로써 관람석이 없거나 관람석의 바닥 면적이 1천제곱미터 미만인 것
7. 업무시설
① 공공업무시설 : 국가 또는 지방자치단체의 청사와 외국공관의 건축물로써 근린생활시설에 해당하지 않는 것
② 일반업무시설 : 금융업소, 사무소, 신문사, 오피스텔(업무를 주로 하며, 분양하거나 임대하는 구획 중 일부의 구획에서 숙식을 할 수 있도록 한 건축물로서국토해양부장관이 고시하는 기준에 적합한 것) 및 그 밖에 이와 비슷한 것으로써 근린생활시설에 해당하지 않는 것
8. 숙박시설
① 일반숙박시설 : 호텔, 여관, 여인숙, 모텔
② 관광숙박시설 : 관광호텔, 수상관광호텔, 한국전통호텔, 가족호텔 및 휴양 콘도미니엄
③ 고시원(근린생활시설에 해당하지 않는 것)
④ 그 밖에 ①부터 ③까지의 시설과 비슷한 것
9. 위락시설
① 단란주점으로써 근린생활시설에 해당하지 않는 것
② 유흥주점이나 그 밖에 이와 비슷한 것
③ 「관광진흥법」에 따른 유원시설업의 시설, 그 밖에 이와 비슷한 시설(근린생활시설에 해당하는 것은 제외한다)
④ 무도장 및 무도학원
⑤ 카지노영업소
10. 공장
물품의 제조·가공(세탁·염색·도장(塗裝)·표백·재봉·건조·인쇄 등을 포함한다) 또는 수리에 계속적으로 이용되는 건축물로써 근린생활시설, 위험물 저장 및 처리 시설, 항공기 및 자동차 관련 시설, 분뇨 및 쓰레기 처리시설, 묘지 관련 시설 등으로 따로 분류되지 않는 것
11. 창고시설  (위험물 저장 및 처리 시설 또는 그 부속용도에 해당하는 것 제외)
① 창고(물품저장시설로서 냉장·냉동창고를 포함)
② 하역장
③「물류시설의 개발 및 운영에 관한 법률」에 따른 물류터미널
④ 집배송 시설
12. 항공기 및 자동차 관련 시설
(건설기계 관련 시설포함)
① 항공기격납고
② 주차용 건축물 차고 및 기계장치에 의한 주차시설
③ 세차장
④ 폐차장
⑤ 자동차검사장
⑥ 자동차매매장
⑦ 자동차정비공장
⑧ 운전학원 · 정비학원
⑨ 주차장
다음시간에는  다중이용업소에 대해 포스팅할께요
행복한 휴일 보내세요다양한 부동산 소식을 전해드립니다◆ 소방장비의 분류1. 기동장비
 장체에 동력원이 부착되어 자력으로 이동하거나 견인되어 이동할 수 있는 장비2. 화재 진압장비
 화재진압활동에 사용되는 장비3. 구조장비
 구조활동에 사용되는 장비※ 슬링(sling) : 등반 중에 나무나 바위에 둘러 확보지점을 만들거나 확보 용구를 연장하는 장비
※ 체인블록 : 체인을 이용하여 중량물을 끌어올리거나 당겨서 장애물을 제거 또는 이동시키는 장비
※ 착암기 : 구조물을 뚫거나 파괴하는 장비
4. 구급장비
  구급활동에 사용되는 장비5. 정보통신 장비
  소방업무 수행을 위한 의사전달 및 정보교환 · 분석에 필요한 장비6. 측정장비
  소방업무 수행에 수반되는 각종 조사 및 측정에 사용되는 장비7. 보호장비
  소방현장에서 소방대원의 신체를 보호하는 장비8. 보조장비
  소방업무 수행을 위하여 간접 또는 부수적으로 필요한 장비