관광지명,소재지지번주소,위도,경도,면적
임진각관광지,경기도 파주시 문산읍 사목리 494-1,37.8893177,126.740081,477894
공릉관광지,경기도 파주시 조리읍 장곡리 420-6,37.7498111,126.8335655,621155
방화동가족휴가촌,전라북도 장수군 번암면 사암리 625,35.59064179,127.5268761,250000
송정관광지,경상남도 남해군 미조면 송정리 1129,34.7231451,128.0249667,605283
예당국민관광지,,36.63801252,126.799434,143000
덕산온천관광단지,충청남도 예산군 덕산면 신평리 513,36.69075649,126.659328,724544.5
만리포 관광지,충청남도 태안군 소원면 만리포2길 190-3,,,321561.8
심우장,서울특별시 성북구 성북동 222-1,37.5936268,126.9916662,386
길상사,서울특별시 성북구 성북동 324-1,37.59895542,126.9943663,16939
한국가구박물관,서울특별시 성북구 성북동 330-577,37.60001178,126.9932084,5555
성류굴 관광지,경상북도 울진군 근남면 노음리 850-12,36.95884825,129.3794409,56000
백암온천 관광지,경상북도 울진군 온정면 소태리 1453,36.72132775,129.343467,357132
대광해수욕장,전라남도 신안군 임자면 광산리 407-24,35.10291276,126.0725117,1500
반월호수,경기도 군포시 둔대동 52-2,37.32458238,126.8899642,1
초막골 생태공원,경기도 군포시 산본동 856,37.35410097,126.9191417,1
수리산 도립공원,경기도 군포시 속달동 306,37.34799646,126.9005248,1
수리산 산림욕장,경기도 군포시 산본동 1226,37.35761527,126.9236481,1
철쭉동산,경기도 군포시 산본동 1152-10,37.35560813,126.9269137,1
수리사,경기도 군포시 속달동 329,37.35443607,126.8967938,1
물누리체험관,경기도 군포시 둔대동 301-5,37.32136505,126.8996775,1
누리천문대,경기도 군포시 대야미동 636-7,37.33028283,126.9153444,1
위봉사&위봉폭포&위봉산성,,35.9105769,127.2572831,29
장흥관광지,경기도 양주시 장흥면 석현리 산 1,37.73281632,126.9492504,390000
괴강,충청북도 괴산군 괴산읍 검승리 623,36.80676203,127.8252917,238132
수옥정,충청북도 괴산군 연풍면 원풍리 52-5,36.81361722,128.036232,229469
천지연폭포,제주특별자치도 서귀포시 서홍동 666-1,33.2447447,126.5595511,273538
정방폭포,제주특별자치도 서귀포시 동홍동 278,33.24474912,126.5730486,295000
중문대포주상절리대,제주특별자치도 서귀포시 중문동 2768-1,33.23799399,126.4260174,21764
천제연폭포,제주특별자치도 서귀포시 중문동 2232,33.2526783,126.4183754,349000
산방산,제주특별자치도 서귀포시 안덕면 사계리 184,33.23697818,126.312306,643736
용머리해안,제주특별자치도 서귀포시 안덕면 사계리 112-3,33.2328654,126.3118689,256000
감귤박물관,제주특별자치도 서귀포시 신효동 1200-6,33.27159304,126.6074285,98426
무극전적국민관광지,충청북도 음성군 음성읍 소여리 897,36.95063812,127.646982,18499
담양호국민관광지,전라남도 담양군 용면 월계리 149-67,35.403522,126.996118,47920000
죽녹원,전라남도 담양군 담양읍 향교리 산37-6,35.325384,126.9866176,310238
대아수목원&대아호,,35.97623865,127.3003851,150
레인보우힐링관광지,충청북도 영동군 영동읍 매천리 산 35-1번지,36.154681,127.789662,1790835
송호관광지,충청북도 영동군 양산면 송호리 249-8,36.12969079,127.676367,284000
메타세쿼이아랜드,전라남도 담양군 담양읍 학동리 578-4,35.323386,127.001852,117998
송광사&벚꽃길,,35.885763,127.2417509,30
소쇄원,전라남도 담양군 가사문학면 지곡리 123,35.18433957,127.0121779,4060
한국대나무박물관,전라남도 담양군 담양읍 천변리 401-1,35.30934385,126.9764073,3300
한국가사문학관,전라남도 담양군 가사문학면 지곡리 319,35.18796351,127.0054854,2022
슬로시티삼지내마을,전라남도 담양군 창평면 창평리 113-1,35.23525084,127.0178938,15680
오색관광지,강원도 양양군 서면 가라피리 165,38.077641,128.510721,461000
지경관광지,강원도 양양군 현남면 지리 5-1,37.9277211,128.794439,157699
설해원(양양국제공항),강원도 양양군 손양면 동호리 510-28,38.05555608,128.6641979,2730584
황령산관광지,부산광역시 수영구 광안동 산 60-1,35.1552432,129.1029084,174890
용대관광지,강원도 인제군 북면 용대리 1795,38.18568475,128.3064484,289754
방동관광지,강원도 인제군 기린면 방동리 34-5,37.94387136,128.3962628,60900
오토테마파크,강원도 인제군 기린면 북리 516,38.00266835,128.2952729,1067964.6
대둔산도립공원,,36.11708032,127.3328815,72.64
고산자연휴양림,,35.96224205,127.2328719,692
모악산도립공원,,35.72946608,127.1098589,44.22
중랑캠핑숲,서울특별시 중랑구 망우동 76,37.606893,127.1106972,179666
옹기테마공원,서울특별시 중랑구 신내동 777,37.61265372,127.0885194,9000
서산류방택천문기상과학관,,36.72735767,126.4131464,3770
서산버드랜드,,36.62951253,126.378389,244804
용현자연휴양림,,36.7518805,126.6076383,100000
해미읍성,,36.71355717,126.5503842,196381
은평역사한옥박물관,서울특별시 은평구 진관동 135-5,37.64033246,126.9380102,6530
금성당,서울특별시 은평구 진관동 175-836,37.63513547,126.92538,2684
대성관광지,경기도 가평군 청평면 대성리 395-3번지,37.681431,127.3795214,262722
산장관광지,경기도 가평군 상면 덕현리 20-13번지,37.7541277,127.4106146,118040
금정산성마을,부산광역시 금정구 금성동 554-3,35.250339,129.0561338,7450
용마폭포공원,서울특별시 중랑구 면목동 산 1-4,37.57335201,127.0891138,167172
망우리공원,서울특별시 중랑구 망우동 산 57-1,37.59835362,127.1148164,832800
유니온파크,경기도 하남시 신장동 27,37.54654783,127.2205032,79057
광주향교,경기도 하남시 교산동 227-3,37.52207622,127.1984175,7127
이성산성,경기도 하남시 춘궁동 산 36,37.525136,127.185151,128891
탑산약수온천,경상북도 의성군 봉양면 구산리 1635,36.30396195,128.5892642,4958.6776
남원관광지,전라북도 남원시 어현동 37-19,35.40248095,127.3861268,909510
부평아트센터,인천광역시 부평구 십정동 186-22,37.4822383,126.7049334,17236
기후변화체험관,인천광역시 부평구 갈산동 403,37.50932668,126.7307645,1279
부평역사박물관,인천광역시 부평구 삼산동 451-1,37.51214216,126.7379081,3108
부평안전체험관,인천광역시 부평구 삼산동 441-6,37.51098789,126.7333177,10240
인천나비공원,인천광역시 부평구 청천동 68-12,37.52026697,126.6927245,1674
요산문학관,부산광역시 금정구 남산동 662,35.27236562,129.085732,1128
오륜대한국순교자박물관,부산광역시 금정구 부곡동 1-4,35.24570172,129.1009016,1317
부산대젊음의거리,부산광역시 금정구 장전동 643-117,35.229587,129.0888177,99
초당관광지,,37.37650408,129.2047561,2157243
요트올림픽동산지구,부산광역시 해운대구 우동 1413-4,35.16578256,129.1350266,117.958
동백섬,부산광역시 해운대구 우동 714-1,35.15234205,129.1513619,93.649
해운대해수욕장,부산광역시 해운대구 우동 620-3,35.15910698,129.1602838,115.944
달맞이동산지구,부산광역시 해운대구 중동 산 42-20,35.15768146,129.1825429,85.845
여수세계박람회장,전라남도 여수시 덕충동 2005,34.75218956,127.7465005,598000
여수해양공원,전라남도 여수시 종화동 458-5,34.73676698,127.7484079,0
예술랜드리조트,전라남도 여수시 돌산읍 평사리 산244,34.69510702,127.7769452,65904
여수이순신대교,전남 여수시 묘도동 산127-37,34.888766,127.705501,0
치산관광지,경북 영천시 신녕면 치산리 산255,36.047161,128.712799,270000
영산호관광지,전라남도 영암군 삼호읍 나불리 일원,34.776135,126.4578178,669217
마한문화,전라남도 영암군 시종면 옥야리 956,34.8954066,126.584196,182000
성기동,전라남도 영암군 군서면 동구림리 산18,34.7555659,126.6299326,220000
금마관광지,전라북도 익산시 금마면 동고도리 534-3,36.0015063,127.0570781,208700
미륵사지관광지,전라북도 익산시 금마면 기양리 104-1,36.01154232,127.0287139,108743
왕궁보석테마 관광지,전라북도 익산시 왕궁면 동용리 541-1,35.99061279,127.1025486,160460
웅포관광지,전라북도 익산시 웅포면 웅포리 727,36.06581391,126.8754193,2576294
두타연,강원도 양구군 방산면 고방산리 1024,38.272446,127.995484,30
한반도섬,강원도 양구군 양구읍 고대리 649-1,38.130582,127.982972,4500
구문소 관광지,강원도 태백시 동점동 498-123,37.0929806,129.042284,130000
삼척해수욕장,,37.47034344,129.1647024,236846
맹방관광지,,37.39591618,129.2207941,779988
장호관광지,,37.2868038,129.3079336,175400
보은 삼년산성,충청북도 보은군 보은읍 어암리 280-1,36.48993999,127.7417752,232655
보은 우당고택,충청북도 보은군 장안면 개안리 154,36.46857583,127.7906134,33057
속리산 법주사,충청북도 보은군 속리산면 사내리 209,36.53993659,127.8306346,125625
동학농민혁명기념공원,충청북도 보은군 보은읍 성족리 산16,36.51567136,127.7591951,336992
자갈치시장,부산광역시 중구 남포동4가 37-1,35.09661444,129.0305818,0
40계단테마거리,부산광역시 중구 중앙동4가 38-1,35.10397225,129.0346287,0
BIFF광장,부산광역시 중구 남포동5가 18-1,35.09862035,129.0287588,0
영도대교,부산광역시 중구 남포동1가 33-9,35.09725344,129.035681,0
금정산,부산광역시 금정구 산성로,35.28423411,129.0554547,18845
범어사,부산광역시 금정구 청룡동 546,35.28304308,129.0676212,3513
회동수원지,부산광역시 금정구 오륜동 353-2,35.24707332,129.115753,2017
서동미로시장,부산광역시 금정구 서동 341-10,35.21586987,129.102466,20000
스포원파크,부산광역시 금정구 두구동 1641,35.28912108,129.1070434,99
한국이슬람부산성원,부산광역시 금정구 남산동 30-1,35.25998626,129.0922564,99
삽교호관광지,,36.88890544,126.8247541,240154
왜목마을관광지,,37.04493276,126.5246154,133876
난지섬관광지,,37.047036,126.4242087,155440
진하해수욕장,울산광역시 울주군 서생면 진하리 307-2,35.3855388,129.3415755,44000
영남알프스 복합웰컴센터,울산광역시 울주군 상북면 등억알프스리 515-4,35.55645417,129.0679842,29866000
외고산옹기마을,울산광역시 울주군 온양읍 고산리 501-18,35.435094,129.2795067,174580
화암사,,36.06629938,127.2872339,1083
반구대암각화,울산광역시 울주군 언양읍 대곡리 991,35.60863087,129.172957,117937
작괘천,울산광역시 울주군 상북면 등억알프스리 18-2,35.563321,129.061043,100000
대운산 내원암 계곡,울산광역시 울주군 온양읍 운화리 1312,35.39913422,129.2309807,891008
간절곶 공원,울산광역시 울주군 서생면 대송리 2,35.3625312,129.3591079,584984
선바위관광지,,36.60854407,129.0820141,94913
오전약수관광지,경상북도 봉화군 물야면 오전리 95-35,37.01209531,128.7457209,137000
다덕약수관광지,경상북도 봉화군 봉성면 우곡리 505-5,36.9141215,128.8273232,88720
수동관광지,경기도 남양주시 수동면 내방리 254,37.75797919,127.2753596,225000
오동도,전라남도 여수시 수정동 1-2,34.7443435,127.764121,130000
진남관,전라남도 여수시 군자동 472,34.7413383,127.7365704,792
향일암,전라남도 여수시 율림리 산 7,34.59379448,127.8029861,0
여수해상케이블카,전라남도 여수시 수정동 332-57,34.7402223,127.7529197,0
망상,강원도 동해시 망상동 393-100 망상종합관광안내소,37.59225327,129.0896922,459397
추암,강원도 동해시 추암동 1,37.477063,129.159196,33216
녹진관광지,전라남도 진도군 군내면 녹진리 산2-14,34.568986,126.300201,227299
회동관광지,전라남도 진도군 고군면 금계리 153-1,34.42726548,126.3513474,2962920
아리랑마을관광지,전라남도 진도군 임회면 상만리 11,34.38201529,126.2310334,298930
달성토성마을,대구광역시 서구 비산동 404-5,35.87331563,128.5753765,45000
고석정,강원도 철원군 동송읍 장흥리 20-1,38.18542141,127.2874037,793689
직탕,강원도 철원군 갈말읍 상사리 552,38.2069247,127.2690548,94530
비비정,,35.90154901,127.071693,98
비비정예술열차,,35.89880244,127.0676418,876
상관 공기마을 편백숲,,35.737491,127.2023884,86
삼례문화예술촌,,35.90623513,127.0658535,11800
삼례책마을,,35.90745719,127.065756,2445
그림책미술관,,35.90832046,127.068059,757
오도산 자연휴양림,경상남도 합천군 봉산면 압곡리 산150,35.67233319,128.0553007,506854
보수동책방골목,부산광역시 중구 보수동1가 124-15,35.10323904,129.0263248,0
용두산공원,부산광역시 중구 광복동2가 1-2,35.1009305,129.0324434,0
광복로,부산광역시 중구 창선동1가 44,35.09947039,129.0311659,0
부산영화체험박물관,부산광역시 중구 동광동3가 41-4,35.10169342,129.033594,0
다산초당,,34.5807211,126.7449445,3000
고려청자박물관,,34.50866203,126.8008374,3000
백련사,,34.58775658,126.747892,3000
무릉계곡,강원도 동해시 삼화동 860-1,37.463551,129.01451,156000
소래습지생태공원,,37.40736572,126.7463366,1478000
소래철교,,37.3988308,126.7403795,152
장도포대지,인천광역시 남동구 논현동 111-13,37.39790186,126.7382687,2275
소래역사관,,37.39816347,126.7375992,1234
서포리관광지,인천광역시 옹진군 덕적면 서포리 229-23,37.2232919,126.1169337,228769
고씨굴 관광지,강원도 영월군 김삿갓면 진별리 506-1,37.13117779,128.5352623,106.383
밀양향교,,35.506326,128.754685,5068
밀양관아,,35.49429512,128.754331,7110
밀양영남루,,35.49154522,128.755608,12931
만어사,,35.454932,128.846222,115149
표충사,,35.532294,128.959045,29751
마니산 국민관광지,인천광역시 강화군 화도면 상방리 402-2,37.63245827,126.4237957,486000
인천가스과학관,인천광역시 연수구 송도동 364,37.3494035,126.6095857,6096
인천상륙작전기념관,인천광역시 연수구 옥련동 525,37.42070925,126.6531798,1788
컴팩스마트시티,인천광역시 연수구 송도동24-7,37.39281227,126.6358879,8409
가천박물관,인천광역시 연수구 옥련동 567-22,37.41847997,126.6576026,396
주왕산 관광지,경상북도 청송군 주왕산면 하의리 842,36.37813214,129.108598,249642.6
창원과학체험관,,35.230268,128.6617774,31565
마산해양레포츠센터,,35.19796654,128.5759021,1092
웅천도요지전시관,,35.12738997,128.8155983,33654
진해해양레포츠센터,,35.14129989,128.6883002,4400
영랑생가,,34.6420738,126.7655711,3000
벽계야영장,,35.42604967,128.2080942,56940
을지전망대,강원도 양구군 해안면 후리 621,38.32474146,128.1355518,324
제4땅굴,강원도 양구군 해안면 이현리 743,38.31963542,128.1107276,1652
국토정중앙천문대,강원도 양구군 남면 도촌리 96-5,38.06894001,128.029678,1166
"양구자연생태공원(생태식물원,DMZ야상화분재원,DMZ야생동물생태관)",강원도 양구군 동면 원당리 180,38.191978,128.0769702,222141
통도사,경상남도 양산시 하북면 지산리 583,35.47540912,129.0563672,16855179
내원사계곡(내원사),경상남도 양산시 하북면 용연리 291,35.44578536,129.1104508,13221
홍룡폭포(홍룡사),경상남도 양산시 상북면 대석리 1,35.39699967,129.0864895,4499
정양늪생태공원,경상남도 합천군 대양면 정양리 146,35.55322772,128.162786,124024
대운산자연휴양림,경상남도 양산시 용당동 산66,35.41785462,129.2088998,2400000
법기수원지,경상남도 양산시 동면 법기리 332,35.34825271,129.1079758,680000
양산타워,경상남도 양산시 동면 석산리 652,35.32782588,129.0276012,135
에덴밸리,경상남도 양산시 원동면 대리 1040-1,35.42905699,128.9844664,2446280
통도환타지아,경상남도 양산시 하북 면순지리 470,35.4999924,129.0831299,280991
황산공원,경상남도 양산시 물금읍 물금리 162-1,35.30173083,128.9895949,1873000
주남저수지,,35.30732964,128.6779306,8980000
마금산온천,,35.35464845,128.6094168,528000
사라실 예술촌,전라남도 광양시 사곡리 1005,34.962211,127.626222,14000
광양 마로산성,전라남도 광양시 사곡리 산 254,34.966742,127.619496,10029
광양 궁시장,전라남도 광양시 광양읍 구산리 716,34.98778794,127.5865036,1377
매천황현생가,전라남도 광양시 봉강면 석사리 758,34.99341564,127.561707,522
해달별천문대,전라남도 광양시 봉강면 조령리 산 222-7,35.07478024,127.5540516,1421
백운산자연휴양림,전라남도 광양시 옥룡면 추산리 산 114,35.05645795,127.5976491,5157
유치환의 우체통,부산광역시 동구 초량동 827-44,35.12209542,129.0338423,111
168계단 부대시설,부산광역시 동구 초량동 994-520,35.11769766,129.0353474,179.6
김민부전망대,부산광역시 동구 초량동 994-520,35.11769766,129.0353474,179.6
소흥관(한중우호센터),부산광역시 동구 초량동 546,35.11507608,129.0375502,226.05
안용복기념 부산포개항문화관,부산광역시 동구 좌천동 722,35.13563677,129.0529467,113.26
좌천동굴,부산광역시 동구 좌천동 567-2,35.13325838,129.0522683,61
만화체험관,부산광역시 동구 범일동 1405-1,35.13767112,129.049676,430
창원단감테마공원,,35.29915488,128.6632468,49000
창원의집,,35.24444959,128.6813533,10209
해인사 소리길,경상남도 합천군 가야면 구원리 산9-5,35.76749785,128.1365362,930365
거제자연휴양림,,34.785638,128.625982,1200000
계도어촌체험마을,,34.97483877,128.517509,516.32
다대어촌체험마을,경상남도 거제시 남부면 다대리 424,34.73449905,128.630541,6143.9
도장포어촌체험마을,,34.743422,128.6624617,928.12
대한민국술테마박물관,,35.72601868,127.136162,61594
무궁화오토캠핑장,,35.97398132,127.2315513,4664
놀토피아,,35.98879491,127.261342,397
오성한옥마을,,35.90695186,127.2367573,13856
완주전통문화체험장,,35.98879491,127.261342,1215
청소년전통문화체험관,,35.98879491,127.261342,2768
해인사,경상남도 합천군 가야면 치인리 10,35.801504,128.0976255,84227
대장경테마파크,경상남도 합천군 가야면 야천리 943,35.76749785,128.1365362,86402
예천포리관광지,경상북도 예천군 감천면 포리 688,36.70015808,128.514204,210241
회상나루관광지,경상북도 상주시 중동면 회상리 764,36.44187503,128.2657793,165000
이바구공작소,부산광역시 동구 초량동 875-2,35.11709964,129.0338233,265.77
장기려더나눔센터,부산광역시 동구 초량동 856-31,35.11853593,129.0326526,383.05
평택호관광단지,경기도 평택시 현덕면 권관리 551-3,36.9148246,126.912951,2743000
가우도,,34.53639075,126.791046,3000
합천박물관,경상남도 합천군 쌍책면 성산리 504,35.58042271,128.2829423,10627
황매산군립공원,경상남도 합천군 가회면 둔내리 1319,35.48184913,128.0037495,2600000
영상테마파크&청와대세트장,경상남도 합천군 용주면 가호리 418,35.54877253,128.0728984,75734
합천댐 물문화관,경상남도 합천군 대병면 회양리 1603-1,35.531585,128.0295197,756
황계폭포,경상남도 합천군 용주면 황계리 산156,35.51135706,128.071173,11804
정양레포츠공원,경상남도 합천군 대양면 정양리 101-18,35.55690191,128.1668052,10708
변산해수욕장,전라북도 부안군 변산면 대항리 523-117,35.67999179,126.5309105,0
위도해수욕장,전라북도 부안군 위도면 진리 545,35.60583098,126.2853294,0
모항해수욕장,전라북도 부안군 변산면 도청리 165,35.5831428,126.5082098,0
경산온천,경상북도 경산시 남산면 상대리 528,35.78037855,128.7922287,262060
좌구산휴양랜드,충청북도 증평군 증평읍 율리 산 61-1,36.70556821,127.6511216,730000
좌구산 천문대,충청북도 증평군 증평읍 율리 산 61-1,36.70556821,127.6511216,892
팔당물안개공원,경기도 광주시 남종면 귀여리 596,37.51045866,127.3142486,708241
중대물빛공원,경기도 광주시 중대동 229,37.40272258,127.218054,216372
산청전통한방휴양관광지,경상남도 산청군 금서면 특리 1300-86,35.44106575,127.8293609,294998
산청중산관광지,경상남도 산청군 시천면 중산리 519,35.29329703,127.7549296,292515
산청금서관광지,경상남도 산청군 금서면 지막리 산12,35.394237,127.847052,194800
명승 거창 수승대,경상남도 거창군 위천면 황산리 750-3,35.760923,127.8336763,297679
가조온천,경상남도 거창군 가조면 일부리 1301,35.69875771,128.0231044,230673.6
예안현,안동시 도산면 서부리 201,36.6993162,128.8149089,50633
하회관광지,안동시 풍천면 하회리 287,36.5489594,128.5274931,184000
안동문화관광지,안동시 성곡동 1559,36.5695076,128.7786154,1655181.2
경천대관광지,경상북도 상주시 사벌면 삼덕리 1-13,36.45722382,128.2478641,209000
광양 옥룡사지,전라남도 광양시 옥룡면 추산리 산 35-1,35.044509,127.606171,136502
국사봉랜드,전라남도 광양시 옥곡면 수평리 130,35.00642478,127.6525399,10029
기독교선교100주년기념관,전라남도 광양시 진상면 황죽리 1395,35.04305027,127.6604508,2269
섬진강 망덕포구,전라남도 광양시 진월면 망덕리 845-82,34.96787088,127.7579265,10029
윤동주 유고 보존 정병욱 가옥,전라남도 광양시 진월면 망덕리 23,34.97075423,127.759122,254
남한산성,경기도 광주시 남한산성면 산성리 158-1,37.47669636,127.1884165,526476
분원백자자료관,경기도 광주시 남종면 분원리 산5,37.49625742,127.3034492,3339
천진암,경기도 광주시 퇴촌면 우산리 500,37.42357313,127.3883989,990000
경기도자박물관,경기도 광주시 곤지암읍 삼리 72-1,37.35028421,127.3347877,3328
경안천습지생태공원,경기도 광주시 퇴촌면 정지리 456-4,37.45920014,127.3051169,162000
침산정,대구광역시 북구 침산동 1168-3,35.897221,128.5848591,291080
협재관광지,제주특별자치도 제주시 한림읍 협재리 2450,33.3935073,126.2384709,214300
곽지관광지,제주특별자치도 제주시 애월읍 곽지리 1566,33.4499564,126.3041171,235020
김녕관광지,제주특별자치도 제주시 구좌읍 김녕리 497-5,33.5548971,126.7656156,161324
절물자연휴양림,,33.44004881,126.6252034,3000000
노루생태관찰원,,33.4443253,126.6266934,520000
제주별빛누리공원,제주특별자치도 제주시 오등동 10-34,33.4445529,126.5491863,33637
태조산관광지,,36.82207666,127.1889559,331000
최참판댁,경상남도 하동군 악양면 평사리 483,35.15590905,127.688408,9529
화개장터,경상남도 하동군 화개면 탑리 726-46,35.18798946,127.6240666,8226
삼성궁,경상남도 하동군 청암면 묵계리 1738-3,35.23870093,127.7054288,43967
하동야생차박물관,경상남도 하동군 화개면 운수리 664,35.22773215,127.6426921,2363
용문산 관광지,경기도 양평군 용문면 신점리 515-2,37.54529617,127.583066,382233
두물머리,경기도 양평군 양서면 양수리 697,,,400000
세미원,경기도 양평군 양서면 용담리 428-8,37.54093866,127.3239608,127085
쉬자파크,경기도 양평군 양평읍 백안리 산45-2,37.51122354,127.5331978,186504
빛가람호수공원전망대,전라남도 나주시 빛가람동 산4-321,35.0152195,126.7811718,24000
노을이물드는언덕,경상남도 거제시 사등면 창호리 1475,34.954418,128.519516,3974
가조수협효시공원,경상남도 거제시 사등면 창호리 2080,34.92951709,128.5251418,3141
율포해수욕장,전라남도 보성군 회천면 동율리 678,34.6700298,127.0890226,34625
김포평화누리길 1코스,경기도 김포시 대곶면 대명리 561(대명항),37.6596942,126.5590043,15000
김포평화누리길 2코스,경기도 김포시 월곶면 성동리 산49(문수산성),37.7429948,126.5467533,15000
김해낙동강레일파크,경상남도 김해시 생림면 마사리 654-4,35.37177644,128.8208387,313.87
가야랜드,경상남도 김해시 삼방동 1391-2,35.25817158,128.9024348,1352.91
김해천문대,경상남도 김해시 어방동 산2-80,35.25306424,128.887298,6600
롯데워터파크,경상남도 김해시 신문동 1417,35.17891121,128.8285605,122397.27
클레이아크,경상남도 김해시 진례면 송정리 358,35.25086479,128.7447968,41952
김해한옥체험관,경상남도 김해시 봉황동 425-13,35.23436297,128.8766847,4132
국립김해박물관,경상남도 김해시 구산동 232,35.24353009,128.8725848,16783.83
노무현대통령생가,경상남도 김해시 진영읍 본산리 36,35.31448783,128.7701595,305
수로왕릉,경상남도 김해시 서상동 312,35.23487875,128.8772054,49488
부경동물원,경상남도 김해시 유하동 88,35.2203238,128.8197957,250
도림사,전라남도 곡성군 곡성읍 월봉리 327,35.26727743,127.2575047,242.55
섬진강 기차마을,전라남도 곡성군 오곡면 오지리 770-5,35.27753157,127.3082867,218369
장계관광지,충청북도 옥천군 안내면 장계리 산 7-1,36.37728877,127.6356203,198705
천안종합휴양관광지,,36.75731215,127.2240961,748020
임경대,경상남도 양산시 원동면 화제리 산72-4,35.32243455,128.9778074,6755
양산시립박물관,경상남도 양산시 북정동 678,35.35849531,129.0490358,13063
온달관광지,충청북도 단양군 영춘면 하리 147,37.06295564,128.4929221,97567
천동관광지,충청북도 단양군 단양읍 천동리 201,36.97401141,128.4165952,26594
다리안관광지,충청북도 단양군 단양읍 천동리 409,36.9647819,128.4207808,153835
국립나주박물관,전라남도 나주시 신촌리 152-25,34.9144962,126.6574509,11086
영산포 역사갤러리,전라남도 나주시 영산동 247-2,35.0006914,126.7093485,281
나주복암리고분전시관,전라남도 나주시 다시면 복암리 71,34.9961663,126.6538838,42211
일본인근대가옥,전라남도 나주시 영산동 660,35.0009356,126.7112913,226
안면도 관광지(꽃지지구),충청남도 태안군 안면읍 승언리 339-586,36.502545,126.335955,2941735
꽃보라동산,대구광역시 북구 산격동 1500-6,35.889576,128.601059,10000
운암지수변공원,대구광역시 북구 구암동 349,35.932633,128.567671,17962
팔달대교 야경,대구광역시 북구 팔달동 524-4,35.895353,128.550766,10000
금호강하중도,대구광역시 북구 노곡동 673,35.900092,128.559326,223000
경북대학교 캠퍼스,대구광역시 북구 산격동 1370-1,35.88909849,128.6143217,1317639
함지공원,대구광역시 북구 구암동 775-6,35.9424608,128.570482,44385
구암서원,대구광역시 북구 산격동 산79-1,35.89881592,128.5989989,65000
동춘당,대전광역시 대덕구 송촌동 192,36.36537889,127.4412933,4492
대전문화예술단지,대전광역시 서구 만년동 396,36.366496,127.3880154,33150
으능정이문화의거리,대전광역시 중구 은행동 45-10,36.32934665,127.428337,630.8
유성온천,대전광역시 유성구 봉명동 574,36.3547298,127.3375865,273970
진주성,경상남도 진주시 본성동 415,35.19043229,128.0802214,176804
진양호,경상남도 진주시 판문동 산171-1,35.17660992,128.0362677,2285
경상남도 수목원,경상남도 진주시 이반성면 대천리 482-1,35.15719862,128.2957346,1015953
금강하구둑관광지,충청남도 서천군 마서면 도삼리 71-5,36.01993599,126.736726,175384
춘장대,충청남도 서천군 서면 도둔리 1319,36.16334922,126.5243355,298930
김해가야테마파크,경상남도 김해시 어방동 986,35.25163508,128.8937494,165078
소래포구,,37.3988308,126.7403795,20798
고래불관광지,경상북도 영덕군 병곡면 병곡리 72-8,36.600476,129.410658,880400
장사해수욕장관광지,경상북도 영덕군 남정면 장사리 74-1,36.28241809,129.3755929,104219
작원관지,경남 밀양시 삼랑진읍 검세리,,128.867415,16000
고구려대장간마을,경기도 구리시 아천동 산45-1,37.56080787,127.1109492,4928
동구릉,경기 구리시 인창동 66-1,37.618696,127.134226,1969675
함평해수찜,,35.10050068,126.4648643,993
함평자연생태공원,,35.13500123,126.5057,597250
함평양서파충류생태공원,,35.13834076,126.4937003,85000
함평엑스포공원,,35.05813923,126.5226056,246907
일강김철선생기념관,,35.18893103,126.4801235,10770
왜목마을 관광지,,37.04443421,126.5261293,133876
난지도 관광지,충청남도 당진시 석문면 난지도리 599,37.042646,126.422393,155440
구드래,,36.28711854,126.9048797,148515
서동요,,36.145203,126.8236629,174508
백제문화단지,,36.30757158,126.9084946,3024905
춘장대해수욕장,,36.16334922,126.5243355,298930
칠갑산 도림온천,충청남도 청양군 장평면 적곡리 471-8,36.389488,126.906103,140102
남당,충청남도 홍성군 서부면 남당리 859-2,36.539203,126.471666,166200
예당관광지,충청남도 예산군 응봉면 후사리 448-1,36.63752257,126.7989717,143000
덕산온천,,36.69075649,126.659382,724545
만리포해수욕장 관광지,충청남도 태안군 소원면 모항리 1395,36.783122,126.143469,321562
대전둘레산길,대전광역시 중구 대사동 195-2,36.30879672,127.4231236,159000
간현관광지,강원도 원주시 지정면 간현리 1056-5,37.36489327,127.832544,364644
신정호국민관광지,충청남도 아산시 방축동 5,36.77152141,126.9839152,271169
아산온천관광지,충청남도 아산시 음봉면 신수리 292-6,36.69884759,126.9666069,844000
표충비,,35.471582,128.6520376,7122
예림서원,,35.46605971,128.7299691,41367
나주영상테마파크,전라남도 나주시 공산면 신곡리 산2,34.9789507,126.5995011,140116
남파고택,전라남도 나주시 남내동 95-25,35.0306171,126.71622,2960
반남고분군,전라남도 나주시 반남면 신촌리 249-2,34.914685,126.6591998,121397
백호문학관,전라남도 나주시 다시면 회진리 103,34.996891,126.6647524,387
쌍근어촌체험마을,,34.76238394,128.5894504,1451.25
씨라인,경상남도 거제시 덕포동 81-5,34.912305,128.714841,514.12
오션베이,경상남도 거제시 일운면 소동리 59,34.8437915,128.7029763,10630.15
옥포대첩기념공원,경상남도 거제시 옥포2동 산1-1,34.90219568,128.7140612,25046.53
조선해양문화관,경상남도 거제시 일운면 지세포리 929-88,34.83369412,128.7018842,4510.12
지심도,경상남도 거제시 일운면 옥림리 산1,34.81789045,128.7505883,400033.31
칠천량해전공원,경상남도 거제시 하청면 연구리 산85-4,34.97766181,128.6282493,6841.2
포로수용소유적공원,경상남도 거제시 고현동 363,34.876385,128.6253698,79000
거제해금강,경상남도 거제시 남부면 갈곶리 산 1,34.732651,128.684033,102000
외도,경상남도 거제시 일운면 와현리 산 109,34.769412,128.712652,139463
공곶이,경상남도 거제시 일운면 와현리 168-1,34.799856,128.714881,121521
레이크힐스골프장,전라남도 순천시 주암면 행정리 1,35.04705487,127.3030952,1120000
순천컨트리클럽,전라남도 순천시 별량면 죽산리 447,34.86653556,127.4059214,1620000
부영컨트리클럽,전라남도 순천시 해룡면 신대리 1043,34.94005246,127.5555065,842238
그림책도서관,전라남도 순천시 동외동 176,34.9579091,127.4860252,2205
순천시청소년수련원,전라남도 순천시 서면 운평리 774-1,35.0449418,127.4742467,559000
순천용오름마을,전라남도 순천시 주암면 운룡리 798-1,35.0921171,127.2022244,98300
순천향매실마을,전라남도 순천시 월등면 계월리 일원,35.0655382,127.4069955,925619
순천생태마을,전라남도 순천시 승주읍 도정리 1642-1,35.06648711,127.3602718,200
거차뻘배체험마을,전라남도 순천시 별량면 마산리 566-1,34.8375993,127.4474457,495868
낙안민속자연휴양림,전라남도 순천시 낙안면 남내리 219,34.91226627,127.3523877,2860000
김영삼전대통령생가기록전시관,경상남도 거제시 장목면 외포리 1371,34.93141259,128.715401,8420
문동휴양지,경상남도 거제시 문동동 산 5-4번지,34.859898,128.664057,7421.58
바람의언덕,경상남도 거제시 남부면 갈곶리 292-11,34.742161,128.662863,84953.21
우제봉전망대,경상남도 거제시 남부면 갈곶리 산 2-16,34.732135,128.673659,220114.15
청마기념관,경상남도 거제시 둔덕면 방하리 505-1,34.854804,128.517151,550.18
씨월드,경상남도 거제시 일운면 소동리 478-1,34.8358811,128.701427,7696.89
알로에테마파크,경상남도 거제시 내간리 산121-3,34.83571583,128.560278,3219.1
삽교호 관광지,,36.89060981,126.8244092,240154
드라마촬영장,전라남도 순천시 조례동 22,34.9583743,127.5381867,40463
뿌리깊은나무박물관,전라남도 순천시 낙안면 남내리 219,34.9036464,127.3399827,1736
송광사,전라남도 순천시 송광면 신평리 12,35.00680596,127.2761941,44297
선암사,전라남도 순천시 승주읍 죽학리 802,34.99656229,127.3311259,10000
에코촌유스호스텔,전라남도 순천시 해룡면 대안리 1055-9,34.9227,127.5169021,1866
순천자연휴양림,전라남도 순천시 서면 운평리 산160,35.04388083,127.4744949,900000
기독교역사박물관,전라남도 순천시 매곡동 179-10,34.96043473,127.4801207,1447
승주골프장,전라남도 순천시 상사면 오곡리 산177,34.9017182,127.4485632,630000
파인힐스골프장,전라남도 순천시 주암면 문길리 산20-2,35.04162939,127.270748,1023000
구)나주역,전라남도 나주시 죽림동 60-172,35.0280742,126.7240915,450
노안천주교회,전라남도 나주시 노안면 양천리 780,35.1035406,126.6729169,500
나주시천연염색박물관,전라남도 나주시 다시면 회진리 163,34.9941709,126.660678,3337
나주목문화관,전라남도 나주시 금계동 13-2,35.0322924,126.7135485,1500
중흥골드스파&리조트,전라남도 나주시 다도면 방산리 1449-4,34.9482971,126.8692314,100000
광양매화문화관,전라남도 광양시 다압면 도사리 377,35.07665864,127.7180474,4694.1
느랭이골자연리조트,전라남도 광양시 다압면 신원리 산125,35.06003247,127.7114041,53302
구봉산전망대,,34.93646837,127.6427008,1761
광양항해양공원,전라남도 광양시 중동 1894,34.920793,127.693789,27282.5
무지개다리,전라남도 광양시 금호동 625-1,34.935941,127.715141,1840.5
해오름육교,전라남도 광양시 마동 1125,,,32577.6
배알도수변공원,전라남도 광양시 태인동 1632-13,34.959931,,1598
광양 김 시식지,,34.94697848,127.7519933,166
오월드,대전광역시 중구 사정동 142,36.28749807,127.3985061,783000
뿌리공원,대전광역시 중구 침산동 364,36.28537962,127.3883,125000
엑스포과학공원,대전광역시 유성구 도룡동 3-1,36.37662561,127.3871992,130000
한밭수목원,대전광역시 서구 만년동 396,36.36646857,127.3880154,387000
계족산황톳길,대전광역시 대덕구 와동 2-1,36.40406651,127.4297932,54000
대청호반,대전광역시 대덕구 미호동 57,36.47362538,127.4735679,72800
장태산휴양림,대전광역시 서구 장안동 259,36.21596913,127.3412778,815855
삼도수군통제영,경상남도 통영시 문화동 62,34.84715495,128.423489,46683
오수의견관광지,"전라북도 임실군 오수면 오수리 33, 임실군문화체육센터",35.54520338,127.3326779,0
사선대관광지,"전라북도 임실군 관촌면 관촌리 222, 사선대 관리 사무소",35.672357,127.2746265,0
가산산성,경상북도 칠곡군 동명면 남원리 32-78,36.021011,128.590851,293753
가산산성야영장,,36.016197,128.618108,109213
구상문학관,,35.983943,128.394568,1611
다부동전적기념관,,36.046443,128.518875,18744
송정자연휴양림,,36.023332,128.441641,636297
칠곡보오토캠핑장,,36.020591,128.394566,30000
칠곡호국평화기념관,,36.017918,128.404032,9461.61
칠곡양떼목장,,35.984545,128.48874,99173
가산수피아,,36.086109,128.485044,133600
국립칠곡숲체원,,36.063539,128.466183,300000
태조산,충청남도 천안시 동남구 유량동 22-1,36.82207666,127.1889559,331000
곰나루,충청남도 공주시 웅진동 347,36.46658989,127.1075716,554066
마곡사관광지,충청남도 공주시 사곡면 운암리 731-2,36.555956,127.020175,125862
마곡온천관광지,,36.54396787,127.0122224,621592
공주문화관광지,충청남도 공주시 웅진동 533,36.462397,127.104615,793937
신정호관광지,,36.77152186,126.9839153,271169
아산온천관광지,,36.85530263,126.9782463,844000
간월도관광지,충청남도 서산시 부석면 간월도리 680,36.605751,126.417111,143695
부례관광지,경상북도 고령군 우곡면 예곡리 97,35.67179721,128.3596243,36955
순천만국가정원,전라남도 순천시 오천동 600,34.92888588,127.4999591,926992
순천만습지,전라남도 순천시 대대동 162-2,34.88553578,127.5096727,3015859
낙안읍성,전라남도 순천시 동내리 437-1,34.90632579,127.3417663,223108
한국코미디타운,경상북도 청도군 이서면 양원리 91-3,35.69358881,128.6863121,9671
소싸움테마파크,경상북도 청도군 화양읍 삼신리 1059-1,35.68529236,128.724138,7276
청도레일바이크,경상북도 청도군 청도읍 신도리 48-2,35.58811543,128.7661723,99800
청도자전거공원,경상북도 청도군 청도읍 유호리 39-15,35.58765883,128.7653536,32788
청도신화랑풍류마을,경상북도 청도군 운문면 방지리 89,35.71807519,128.9223074,291067
새마을운동발상지기념공원,경상북도 청도군 청도읍 신도리 18-2,35.60019163,128.7661495,136473
청도소싸움경기장,경상북도 청도군 화양읍 삼신리 693-2,35.68673395,128.7251463,2116
을숙도 생태공원,부산광역시 사하구 하단동 1151-14,35.11008837,128.9449571,0
와인터널,경상북도 청도군 화양읍 송금리 산121,35.71513567,128.7205341,8001
프로방스 포토랜드,경상북도 청도군 화양읍 삼신리 877,35.68355077,128.7188703,74682
대가야생활촌,경상북도 고령군 대가야읍 고아리 658,35.7118532,128.269244,102067
대가야역사테마관광지,경상북도 고령군 대가야읍 지산리 471-1,35.72008263,128.2596761,154588
금강호관광지,전라북도 군산시 성산면 성덕리 411-1,36.01988,126.7653058,648380
세계무술공원,충청북도 충주시 금릉동 601,36.98782919,127.9055691,616968
충주호체험,충청북도 충주시 중앙탑면 탑평리 545-1,37.02308256,127.8619229,223134
능암온천,충청북도 충주시 앙성면 능암리 14-1,37.09370046,127.802172,199210
충온온천,충청북도 충주시 앙성면 돈산리 13-1,37.10173095,127.7962316,224825
청도박물관,경상북도 청도군 이서면 양원리 129-5,35.6942561,128.6865383,1941
회산백련지,전라남도 무안군 일로읍 복룡리 150,34.86008849,126.5298962,185316
은파관광지,전라북도 군산시 나운동 1223-5,35.95536227,126.6890748,1764095
김포평화누리길 3코스,경기도 김포시 하성면 전류리 43-4(전류리 포구),37.7491124,126.6147154,15000
김포 장릉,경기도 김포시 풍무동 666-1,37.6107519,126.7126583,24070
애기봉 평화생태공원,경기도 김포시 월곶면 조강리 1-9,37.7431684,126.5940634,49500
문수산성,경기도 김포시 월곶면 성동리 산50,37.7429948,126.5467533,700000
김포함상공원,경기도 김포시 대곶면 대명리 551-1,37.6406387,126.539261,9578
덕포진,경기도 김포시 대곶면 신안리 232-1,37.6506248,126.5387862,651
낙동강하구아미산전망대,부산광역시 사하구 다대동 482-4,35.05276243,128.9607468,0
휘닉스파크관광단지,강원도 평창군 봉평면 면온리 1095-1 일원,37.581373,128.327331,4233000
한려수도조망케이블카,경상남도 통영시 도남동 349-1,34.82665041,128.4251243,34106
한산도 제승당,경상남도 통영시 한산면 두억리 산39,34.79264032,128.4759648,524625
통영루지,경상남도 통영시 도남동 319-3,34.82440908,128.4241617,164000
박경리기념관,경상남도 통영시 산양읍 신전리 1429-9,34.802301,128.4035792,4465
해저터널,경상남도 통영시 당동 1-3,34.83609021,128.4117029,2415
장사도해상공원,경상남도 통영시 한산면 매죽리 산4-1,34.71373747,128.5588706,390131
통영시립박물관,경상남도 통영시 도천동 28,34.84075153,128.4167887,4989
덕포진교육박물관,경기도 김포시 대곶면 신안리 232-1,37.6506248,126.5387862,651
다도박물관,경기도 김포시 월곶면 개곡리 832,37.7375035,126.5744366,180
김포국제조각공원,경기도 김포시 월곶면 고막리 82-1,37.72080378,126.552204,765
아트빌리지(한옥마을),경기도 김포시 운양동 1325-1,37.6466321,126.696212,80000
유당공원,전라남도 광양시 광양읍 목성리 673-1,34.97010442,127.5924243,10029
서천무지개분수대,전라남도 광양시 광양읍 칠성리 729,34.973272,,10029
장도전수관,전라남도 광양시 광양읍 칠성리 1009-3,34.97705608,127.5805515,1590.8
도립미술관,전라남도 광양시 광양읍 인동리 227-1,34.96887104,127.5903033,9464
광양와인동굴,전라남도 광양시 광양읍 용강리 48-1,34.96130264,127.6085909,10029
광양역사문화관,전라남도 광양시 광양읍 읍내리 272-1,34.9757671,127.5859802,2447
사라실 라벤더 단지,전라남도 광양시 주암면 문길리 산 20-2,35.04162939,127.270748,23792
몰운대,부산광역시 사하구 다대동 482-3,35.04638172,128.9680068,0
다대포 꿈의 낙조분수,부산광역시 사하구 다대동 482-3,35.04638172,128.9680068,0
다대포해수욕장,부산광역시 사하구 다대동 1548-1,35.04638172,128.9680068,0
을숙도 철새공원,부산광역시 사하구 하단동 1207-2,35.10449092,128.9459791,0
감천문화마을,부산광역시 사하구 감천동 1-14,35.09748815,129.0106077,0
장림포구,부산광역시 사하구 장림동 1092,35.07915955,128.9513486,0
천안종합휴양,,36.75613028,127.2248886,748020
천안 골드힐카운티 리조트 관광단지,,36.89202245,127.2484702,1691921
불갑사관광지,전라남도 영광군 불갑면 모악리 408-2,35.199675,126.550047,137517
홍길동테마파크,전라남도 장성군 황룡면 아곡리 373,35.31862071,126.7265578,230639
석정온천관광지,전라북도 고창군 고창읍 석정리 733,35.43111098,126.7405968,1501011
화순온천,,35.1624699,127.0837781,512000
도곡온천,,35.02470562,126.903529,646819
운주사,,34.92906333,126.8825635,105495
무주 덕유산 리조트,전라북도 무주군 설천면 심곡리 산43-15,35.889797,127.731389,7018181
춘천호반(삼악산),강원도 춘천시 서면 덕두원리 118-6,37.82571425,127.659368,3305373
청평사,강원도 춘천시 북산면 청평리 산210-1,37.98344137,127.8183007,168209
구곡폭포,강원도 춘천시 남산면 강촌리 432,37.79703276,127.615852,914206
이효석문화예술촌,강원도 평창군 봉평면 창동리 544-3,37.61317426,128.3701239,31961
마하생태관광지,강원도 평창군 미탄면 마하리 일원,37.2924471,128.5419693,29841
용평관광단지,"강원도 평창군 대관령면 용산리, 수하리 일원",37.660871,128.666483,16219204
알펜시아관광단지,강원도 평창군 대관령면 용산리 425 일원,37.6552224,128.681494,4855224
공룡박물관,전라남도 해남군 황산면 우항리 191,34.58908885,126.442833,332610
마곡사관광지,충청남도 공주시 사곡면 운암리 731-2,36.55617136,127.020329,125861
공주문화관광지,충청남도 공주시 웅진동 431,36.47076183,127.1108055,1029179
지리산 온천관광지,전라남도 구례군 산동면 관산리 522,35.3184937,127.4577881,1501230
용호 Sea-Side 관광지,부산광역시 남구 용호동 산 205번지,35.101225,129.120361,143626
한탄강관광지,경기도 연천군 전곡읍 전곡리 696-3,38.00887564,127.0588604,312000
문경 철로자전거(가은역),,36.64931827,128.0607306,1
문경 오미자테마터널,경상북도 문경시 마성면 신현리 103-1,36.65989315,128.1286031,1
"고모산성, 토끼비리",경상북도 문경시 마성면 신현리 산30-1,36.661492,128.1269726,1
문경짚라인,,36.62285644,128.1367824,1
문경 종합온천,,36.72937376,128.1089547,1
문경 활공랜드,경상북도 문경시 문경읍 고요리 436-2,36.7362239,128.1517095,1
불정자연휴양림,,36.62128207,128.1365074,1
옥계해변관광지,강원도 강릉시 옥계면 금진리 799-16일원,37.62739946,129.0476423,215839
주문진해변관광지,강원도 강릉시 주문진읍 향호리 8-22일원,37.91137845,128.8178804,484200
연곡해변관광지,강원도 강릉시 연곡면 동덕리 99-13일원,37.858992,128.851409,169603
등명해변관광지,강원도 강릉시 강동면 정동진리 440-41일원,37.70264843,129.0164178,193660
대관령어흘리관광지,강원도 강릉시 성산면 어흘리 508일원,37.719113,128.793989,163160
부산공동어시장,부산광역시 서구 남부민동 691-3,35.08990091,129.0263675,65287
천마산조각공원,부산광역시 서구 남부민동 산4-13,35.08903987,129.0174786,16000
구덕운동장,부산광역시 서구 서대신동3가 211-1,35.11659638,129.0145297,71432
임시수도기념관,부산광역시 서구 부민동3가 22,35.10374876,129.0175954,4774.2
송도오션파크,부산광역시 서구 암남동 135-23번지,35.073303,129.017204,19222.5
증평민속체험박물관,충청북도 증평군 증평읍 남하리 91,36.7638886,127.5955694,21980
무이예술관,강원도 평창군 봉평면 무이리 58,37.61527594,128.348787,10568
백룡동굴,강원도 평창군 미탄면 마하리 82,37.27786356,128.577051,956433
문경새재 도립공원,,36.76160207,128.0769905,1
문경 에코랄라(석탄박물관 포함),,36.65420039,128.0613259,1
문경 철로자전거(진남역),경상북도 문경시 마성면 신현리 126-1,36.6546769,128.1263292,1
문경 철로자전거(구랑리역),,36.66102501,128.0993075,1
영모정,전라남도 나주시 다시면 회진리 101,34.9972536,126.6649382,8000
남고문,전라남도 나주시 남내동 2-20,35.0295791,126.7183107,640
충렬사,부산광역시 동래구 안락동 421-33,35.199577,129.0959922,95804
해양자연사박물관,부산광역시 동래구 온천동 산 13-1,35.2219498,129.075647,21538
산정호수,경기도 포천시 영북면 산정리 451-3일원,38.065669,127.315722,644500
백운계곡,경기도 포천시 이동면 도평리 35 일원,38.072165,127.409889,148000
송도해상케이블카,부산광역시 서구 암남동 124-1,35.07664334,129.0233986,11369
송도해수욕장,부산광역시 서구 암남동 135-5,35.07682117,129.0180502,199392
암남공원,부산광역시 서구 암남동 산 193번지 일원,35.0616574,129.0149368,553277
구덕문화공원,부산광역시 서구 서대신동3가 산18-15번지,35.12641369,129.005742,20000
송도해안산책로,부산광역시 서구 암남동,35.0616574,129.0149368,800
대신공원,부산광역시 서구 서대신동 3가 산2-3,35.121591,129.0161785,2283033
거제요트학교,,34.83369412,128.7018842,174
보강천 미루나무숲,충청북도 증평군 증평읍 송산리 667,36.7873273,127.5728127,20000
증평인삼판매장,충청북도 증평군 증평읍 송산리 94-1,36.79588146,127.5817602,20242
에듀팜특구관광단지(벨포레리조트),충청북도 증평군 증평읍 연촌리 산 58,36.84514868,127.5821182,2622825
인천도호부청사,인천광역시 미추홀구 문학동 349-2,37.4393787,126.6868134,9103
운일암반일암,전라북도 진안군 주천면 주양리 630,35.97597035,127.4087491,595463
마이산도립공원 일원,전라북도 진안군 마령면 동촌리 76-2,35.757066,127.3938315,16900000
용담호및주변시설,전라북도 진안군 안천면 삼락리 1179-2,35.94593317,127.5256735,31400000
운장산자연휴양림,전라북도 진안군 정천면 갈용리 산 183,35.88845895,127.4327885,19580000
데미샘자연휴양림,전라북도 진안군 백운면 신암리 산 1,35.65699353,127.4610392,2000000
진안고원치유의숲,전라북도 진안군 정천면 봉학리 688,35.8751594,127.4177405,48545
가위박물관,전라북도 진안군 진안읍 단양리 690-15,35.76591898,127.4150011,556.99
도래마을(홍기옥 가옥),전라남도 나주시 다도면 풍산리 199,34.9982734,126.8203117,54000
정수루,전라남도 나주시 금계동 33-18,35.0321775,126.7160575,200
나주향교,전라남도 나주시 교동 32-3,35.0335556,126.7093249,11105
완사천,전라남도 나주시 송월동 1096-13,35.0154791,126.7118546,12000
목사내아,전라남도 나주시 금계동 33-31,35.0320205,126.7143379,1300
소요산관광지,경기도 동두천시 상봉암동 산 1-1,37.94652177,127.0693409,2472000
이심원충신정려현판,충청남도 계룡시 금암동 281-4,36.280034,127.2470773,34
신원재,충청남도 계룡시 두마면 왕대리 299,36.255245,127.270342,1263
어답산관광지,강원도 횡성군 갑천면 병지방리 539-1,37.59380861,128.0575207,256567
유현문화관광지,강원도 횡성군 서원면 유현리 1097,37.5293633,127.818847,147959
웰리힐리파크 관광단지,강원도 횡성군 둔내면 두원리 204,37.4910069,128.2481666,4830709
광덕계곡관광지,강원도 화천군 사내면 광덕리 일원,38.1077,127.4412,26070
팔봉산관광지,강원도 홍천군 서면 어유포리 272,37.703098,127.695183,386977
대명비발디파크,강원도 홍천군 서면 팔봉리 1289,37.645275,127.682271,7052479.2
불회사,전라남도 나주시 다도면 마산리 999,34.9085344,126.8212738,300000
금성관,전라남도 나주시 과원동 109-5,35.0328694,126.7144929,62441
제천 성내관광지,충청북도 제천시 금성면 성내리 산12-2,37.03366403,128.1751729,111060
제천온천관광지,충청북도 제천시 수산면 내리 산24,36.920832,128.176608,296700
교리관광지,충청북도 제천시 청풍면 교리 225-1,37.01682316,128.1776057,316900
장성호관광지,전라남도 장성군 북하면 쌍웅리 산38-1,35.41373254,126.8508186,250595
복천박물관,부산광역시 동래구 복천동 16-5,35.20877662,129.0911741,4000
양천고성지,서울특별시 강서구 가양동 산4-7외 5필지,37.57425363,126.8413319,29752
궁산땅굴역사전시관,,37.57266746,126.8383649,758.11
허가바위,,37.56983571,126.8500301,7456
미당서정주의 집,서울특별시 관악구 남현동 1071-11,37.4734032,126.973367,154.71
강감찬전시관,서울특별시 관악구 봉천동 228,37.47197208,126.959371,125
오-월드,대전광역시 중구 사정동 142,36.28749924,127.3985039,682830
뿌리공원,대전광역시 중구 침산동 364,36.28538043,127.3883,125000
아쿠아리움,대전광역시 중구 대사동 198-14,36.31005741,127.4209439,18708
호미곶관광단지,경상북도 포항시 남구 호미곶면 대보리 286-5,36.07608308,129.5665319,221366
사계고택,충청남도 계룡시 두마면 두계리 96,36.265691,127.271724,9236
모원재,충청남도 계룡시 두마면 왕대리 281-1,36.254886,127.2732753,16366
염선재,충청남도 계룡시 금암동 45,36.2693923,127.261851,86
거제시농업개발원,경상남도 거제시 서정리 855-24,34.85646391,128.5791869,58904.67
능강관광지,충청북도 제천시 수산면 능강리 200-10,36.99110555,128.1965693,136818
금월봉관광지,충청북도 제천시 금성면 월굴리 134-41,37.04384263,128.1736527,92514
계산관광지,충청북도 제천시 청풍면 계산리 9-4,37.017861,128.130911,135806
만남의광장,충청북도 제천시 청풍면 교리 147,37.01083356,128.1811895,147440
금강공원,부산광역시 동래구 온천동 291-1,35.21962513,129.075758,3093953
허심청,부산광역시 동래구 온천동 137,35.221157,129.0826889,4300
영도관광안내센터,부산광역시 영도구 봉래동1가 1,35.09454127,129.0387847,305.18
허준근린공원,,37.56759867,126.8537291,29843
양천향교,,37.572863,126.839905,1782
약사사,,37.58312625,126.8050072,678
화암관광지,,37.35083797,128.7896216,213235
아우라지 관광지,,37.47574407,128.7243663,122244
구드래관광지,충청남도 부여군 부여읍 구교리 17-4,36.287127,126.9068121,148515
서동요역사관광지,충청남도 부여군 충화면 가화리 313,36.14595066,126.8248481,174508
백제문화관광단지,충청남도 부여군 규암면 합정리 578,36.30386649,126.9007711,3026277
통일전망대,강원도 고성군 현내면 마차진리 188,38.51438609,128.416703,143851
화진포역사안보전시관,강원도 고성군 거진읍 화포리 530-1,38.47250515,128.4430602,703.56
화진포해양박물관,강원도 고성군 현내면 초도리 94-1,38.481345,128.435682,1849.9
화진포 생태박물관,강원도 고성군 거진읍 화포리 590-2,38.47218738,128.4436214,1562.72
송지호 관망타워,강원도 고성군 죽왕면 오봉리 9-34,38.33623615,128.5175989,278.47
맹종죽테마공원,경상남도 거제시 하청면 실전리 880-3,34.967774,128.6505098,40215
거제박물관,경상남도 거제시 옥포동 1565,34.89404136,128.6862128,899.16
당항포관광지,경상남도 고성군 회화면 봉동리 950-1,35.05322615,128.3920276,551902
속초해수욕장,강원도 속초시 조양동 1464-7,38.19014712,128.603531,228607
척산온천,강원도 속초시 노학동 972-1,38.190269,128.5407013,154743
설악한화리조트,속초시 장사동 24-1번지,38.21030027,128.5287216,1314100
신륵사관광지,경기도 여주시 천송동 289-7,37.29742583,127.6599364,947268
보문관광단지,경상북도 경주시 신평동 375-7,35.843673,129.2869659,8515243
남당,충청남도 홍성군 서부면 남당리 859-2,36.539203,126.471666,166200
농월정,경상남도 함양군 안의면 월림리 727-1,35.62464301,127.7815571,138110
예술의전당,서울특별시 서초구 서초동 700,37.48024074,127.0142139,120734
국립국악원,서울특별시 서초구 서초동 700,37.47771836,127.0098178,36622
헌인릉,서울특별시 서초구 내곡동 산 13-1,37.4651454,127.0826446,247
매헌 윤봉길의사 기념관,서울특별시 서초구 양재동 236,37.4712172,127.0367358,2627
고투몰,서울특별시 서초구 잠원동 68-17,37.5065978,127.0054105,15601
"세빛섬, 반포대교 달빛무지개분수",서울특별시 서초구 반포동 650,37.512028,126.9952691,10421
삼성딜라이트,서울특별시 서초구 서초동 1320-10,37.4966085,127.0269023,196561
부석사관광지,경상북도 영주시 부석면 북지리 301-4,36.99449662,128.6796186,242280
실안관광지,경상남도 사천시 실안동 1245-1,34.94398447,128.0399764,256877
산토끼노래동산,,35.57668393,128.3861886,49910
추사박물관,경기도 과천시 주암동 184-2,37.45263112,127.0287157,3020
우장춘기념관,부산광역시 동래구 온천동 850-48,35.213515,129.0720181,1241
장영실과학동산,부산광역시 동래구 복천동 1-2,35.20916308,129.0896688,1177
박차정의사생가,부산광역시 동래구 칠산동 319-1,35.20169645,129.090397,379
